association_id,domain_id_a,domain_id_b,entity_unit,weighted_support,effective_sample_size,prevalence_a,prevalence_b,joint_prevalence_low,joint_prevalence_base,joint_prevalence_high,lift,method_code,independence_assumed,caveat,model_version,run_id
ASSOC-DOM-01-DOM-02,DOM-01,DOM-02,person,175725.60874719982,3949.0330002543915,0.4152069699218108,0.4873744339384993,0.16662853648689155,0.19713262610758084,0.22763671572827013,0.974161873792261,weighted_same_synthetic_person_joint,false,Nemotron 합성 내러티브 keyword joint와 공식 성인 보정가중치를 사용한 탐색적 의존성 프록시; 실재 개인 관측 아님,kr-v0.2.1,RUN-P2-20260824T170416Z
ASSOC-DOM-01-DOM-03,DOM-01,DOM-03,person,30247.078090476265,658.4068940669141,0.4152069699218108,0.0945156571026755,0.006426891063191515,0.03393179843601864,0.06143670580884576,0.8646462957370318,weighted_same_synthetic_person_joint,false,Nemotron 합성 내러티브 keyword joint와 공식 성인 보정가중치를 사용한 탐색적 의존성 프록시; 실재 개인 관측 아님,kr-v0.2.1,RUN-P2-20260824T170416Z
ASSOC-DOM-01-DOM-04,DOM-01,DOM-04,person,284938.8159063666,6419.025550184764,0.4152069699218108,0.7669202378053386,0.28819835778112474,0.3196502630439837,0.35110216830684265,1.0038301432885088,weighted_same_synthetic_person_joint,false,Nemotron 합성 내러티브 keyword joint와 공식 성인 보정가중치를 사용한 탐색적 의존성 프록시; 실재 개인 관측 아님,kr-v0.2.1,RUN-P2-20260824T170416Z
ASSOC-DOM-01-DOM-05,DOM-01,DOM-05,person,75464.29173395761,1697.371495785546,0.4152069699218108,0.24466326065762123,0.05580609334485262,0.08465740487640065,0.11350871640794868,0.8333578999242826,weighted_same_synthetic_person_joint,false,Nemotron 합성 내러티브 keyword joint와 공식 성인 보정가중치를 사용한 탐색적 의존성 프록시; 실재 개인 관측 아님,kr-v0.2.1,RUN-P2-20260824T170416Z
ASSOC-DOM-01-DOM-06,DOM-01,DOM-06,person,141380.43607554983,3193.437338804717,0.4152069699218108,0.37763812371173333,0.12854943242113015,0.15860350032363865,0.18865756822614715,1.0115149394014697,weighted_same_synthetic_person_joint,false,Nemotron 합성 내러티브 keyword joint와 공식 성인 보정가중치를 사용한 탐색적 의존성 프록시; 실재 개인 관측 아님,kr-v0.2.1,RUN-P2-20260824T170416Z
ASSOC-DOM-01-DOM-07,DOM-01,DOM-07,person,332274.03172393295,7472.69145103671,0.4152069699218108,0.9020973534862695,0.3410620756779511,0.37275188817427435,0.4044417006705976,0.995180386383708,weighted_same_synthetic_person_joint,false,Nemotron 합성 내러티브 keyword joint와 공식 성인 보정가중치를 사용한 탐색적 의존성 프록시; 실재 개인 관측 아님,kr-v0.2.1,RUN-P2-20260824T170416Z
ASSOC-DOM-01-DOM-08,DOM-01,DOM-08,person,12253.274653335802,271.73622412591317,0.4152069699218108,0.03637293296774951,0.0,0.013745977197350497,0.04035686963037799,0.9101912615408049,weighted_same_synthetic_person_joint,false,Nemotron 합성 내러티브 keyword joint와 공식 성인 보정가중치를 사용한 탐색적 의존성 프록시; 실재 개인 관측 아님,kr-v0.2.1,RUN-P2-20260824T170416Z
ASSOC-DOM-01-DOM-09,DOM-01,DOM-09,person,33828.19748687187,761.3378304795671,0.4152069699218108,0.09737445744239172,0.01030564074996216,0.037949172318227545,0.06559270388649294,0.9386260910583711,weighted_same_synthetic_person_joint,false,Nemotron 합성 내러티브 keyword joint와 공식 성인 보정가중치를 사용한 탐색적 의존성 프록시; 실재 개인 관측 아님,kr-v0.2.1,RUN-P2-20260824T170416Z
ASSOC-DOM-01-DOM-10,DOM-01,DOM-10,person,325805.6838497177,7326.812352858782,0.4152069699218108,0.8862602188002495,0.3338329772026913,0.365495561608601,0.39715814601451077,0.9932446089217708,weighted_same_synthetic_person_joint,false,Nemotron 합성 내러티브 keyword joint와 공식 성인 보정가중치를 사용한 탐색적 의존성 프록시; 실재 개인 관측 아님,kr-v0.2.1,RUN-P2-20260824T170416Z
ASSOC-DOM-01-DOM-11,DOM-01,DOM-11,person,250932.08459591796,5638.412704262506,0.4152069699218108,0.6587699578107551,0.25027870325600454,0.2815008077861116,0.3127229123162186,1.0291560337347467,weighted_same_synthetic_person_joint,false,Nemotron 합성 내러티브 keyword joint와 공식 성인 보정가중치를 사용한 탐색적 의존성 프록시; 실재 개인 관측 아님,kr-v0.2.1,RUN-P2-20260824T170416Z
ASSOC-DOM-01-DOM-12,DOM-01,DOM-12,person,105101.57000963567,2359.70568153734,0.4152069699218108,0.31174674686114723,0.08844333556767416,0.11790511725491118,0.14736689894214822,0.9108903245939192,weighted_same_synthetic_person_joint,false,Nemotron 합성 내러티브 keyword joint와 공식 성인 보정가중치를 사용한 탐색적 의존성 프록시; 실재 개인 관측 아님,kr-v0.2.1,RUN-P2-20260824T170416Z
ASSOC-DOM-01-DOM-13,DOM-01,DOM-13,cross_unit,,,,,,,,,not_estimable_unit_guard,false,person와 household의 검증된 entity link가 없어 joint count를 산출하지 않음; 주변비율 독립곱 금지,kr-v0.2.1,RUN-P2-20260824T170416Z
ASSOC-DOM-01-DOM-14,DOM-01,DOM-14,cross_unit,,,,,,,,,not_estimable_unit_guard,false,person와 household의 검증된 entity link가 없어 joint count를 산출하지 않음; 주변비율 독립곱 금지,kr-v0.2.1,RUN-P2-20260824T170416Z
ASSOC-DOM-01-DOM-15,DOM-01,DOM-15,person,40568.132279506724,916.1284554247394,0.4152069699218108,0.10901485226975005,0.017626642379999516,0.04551017071190722,0.07339369904381493,1.0054446295883104,weighted_same_synthetic_person_joint,false,Nemotron 합성 내러티브 keyword joint와 공식 성인 보정가중치를 사용한 탐색적 의존성 프록시; 실재 개인 관측 아님,kr-v0.2.1,RUN-P2-20260824T170416Z
ASSOC-DOM-01-DOM-16,DOM-01,DOM-16,cross_unit,,,,,,,,,not_estimable_unit_guard,false,person와 household의 검증된 entity link가 없어 joint count를 산출하지 않음; 주변비율 독립곱 금지,kr-v0.2.1,RUN-P2-20260824T170416Z
ASSOC-DOM-01-DOM-17,DOM-01,DOM-17,cross_unit,,,,,,,,,not_estimable_unit_guard,false,person와 household의 검증된 entity link가 없어 joint count를 산출하지 않음; 주변비율 독립곱 금지,kr-v0.2.1,RUN-P2-20260824T170416Z
ASSOC-DOM-01-DOM-18,DOM-01,DOM-18,person,155679.24572771142,3540.6902013628514,0.4152069699218108,0.40158562917192336,0.14439150793965416,0.174644201033335,0.20489689412701584,1.0473971102751132,weighted_same_synthetic_person_joint,false,Nemotron 합성 내러티브 keyword joint와 공식 성인 보정가중치를 사용한 탐색적 의존성 프록시; 실재 개인 관측 아님,kr-v0.2.1,RUN-P2-20260824T170416Z
ASSOC-DOM-01-DOM-19,DOM-01,DOM-19,cross_unit,,,,,,,,,not_estimable_unit_guard,false,person와 household의 검증된 entity link가 없어 joint count를 산출하지 않음; 주변비율 독립곱 금지,kr-v0.2.1,RUN-P2-20260824T170416Z
ASSOC-DOM-01-DOM-20,DOM-01,DOM-20,person,72453.64526897106,1659.4809659295192,0.4152069699218108,0.20543089043783516,0.05249933806058947,0.08127999933969195,0.11006066061879442,0.9529131223819962,weighted_same_synthetic_person_joint,false,Nemotron 합성 내러티브 keyword joint와 공식 성인 보정가중치를 사용한 탐색적 의존성 프록시; 실재 개인 관측 아님,kr-v0.2.1,RUN-P2-20260824T170416Z
ASSOC-DOM-01-DOM-21,DOM-01,DOM-21,person,120733.73495704413,2726.433086268418,0.4152069699218108,0.31289197055559875,0.10570728420789978,0.1354416035405426,0.16517592287318542,1.0425407353920106,weighted_same_synthetic_person_joint,false,Nemotron 합성 내러티브 keyword joint와 공식 성인 보정가중치를 사용한 탐색적 의존성 프록시; 실재 개인 관측 아님,kr-v0.2.1,RUN-P2-20260824T170416Z
ASSOC-DOM-01-DOM-22,DOM-01,DOM-22,person,13550.218722828638,296.74607830292894,0.4152069699218108,0.0384209530987867,0.0,0.015200915906378301,0.04189366673203615,0.9528773132832673,weighted_same_synthetic_person_joint,false,Nemotron 합성 내러티브 keyword joint와 공식 성인 보정가중치를 사용한 탐색적 의존성 프록시; 실재 개인 관측 아님,kr-v0.2.1,RUN-P2-20260824T170416Z
ASSOC-DOM-01-DOM-23,DOM-01,DOM-23,person,152080.4611117586,3374.435309417573,0.4152069699218108,0.4200931925662546,0.14040270238382252,0.17060700994208688,0.20081131750035125,0.9781075074077331,weighted_same_synthetic_person_joint,false,Nemotron 합성 내러티브 keyword joint와 공식 성인 보정가중치를 사용한 탐색적 의존성 프록시; 실재 개인 관측 아님,kr-v0.2.1,RUN-P2-20260824T170416Z
ASSOC-DOM-01-DOM-24,DOM-01,DOM-24,cross_unit,,,,,,,,,not_estimable_unit_guard,false,person와 enterprise의 검증된 entity link가 없어 joint count를 산출하지 않음; 주변비율 독립곱 금지,kr-v0.2.1,RUN-P2-20260824T170416Z
ASSOC-DOM-02-DOM-03,DOM-02,DOM-03,person,43850.14268556303,955.1395427854546,0.4873744339384993,0.0945156571026755,0.02119988499114158,0.04919199793601463,0.07718411088088767,1.067893541601502,weighted_same_synthetic_person_joint,false,Nemotron 합성 내러티브 keyword joint와 공식 성인 보정가중치를 사용한 탐색적 의존성 프록시; 실재 개인 관측 아님,kr-v0.2.1,RUN-P2-20260824T170416Z
ASSOC-DOM-02-DOM-04,DOM-02,DOM-04,person,331421.09868968185,7434.661789638031,0.4873744339384993,0.7669202378053386,0.34010873548312676,0.371795050237365,0.4034813649916032,0.9946966644308777,weighted_same_synthetic_person_joint,false,Nemotron 합성 내러티브 keyword joint와 공식 성인 보정가중치를 사용한 탐색적 의존성 프록시; 실재 개인 관측 아님,kr-v0.2.1,RUN-P2-20260824T170416Z
ASSOC-DOM-02-DOM-05,DOM-02,DOM-05,person,104427.86418365593,2333.579105438856,0.4873744339384993,0.24466326065762123,0.08769997664603293,0.11714934011095247,0.146598703575872,0.9824452189179189,weighted_same_synthetic_person_joint,false,Nemotron 합성 내러티브 keyword joint와 공식 성인 보정가중치를 사용한 탐색적 의존성 프록시; 실재 개인 관측 아님,kr-v0.2.1,RUN-P2-20260824T170416Z
ASSOC-DOM-02-DOM-06,DOM-02,DOM-06,person,167779.04037027422,3775.7847073521057,0.4873744339384993,0.37763812371173333,0.15781002680413742,0.18821800117695722,0.21862597554977703,1.0226395435155768,weighted_same_synthetic_person_joint,false,Nemotron 합성 내러티브 keyword joint와 공식 성인 보정가중치를 사용한 탐색적 의존성 프록시; 실재 개인 관측 아님,kr-v0.2.1,RUN-P2-20260824T170416Z
ASSOC-DOM-02-DOM-07,DOM-02,DOM-07,person,395684.51980800554,8859.866525613628,0.4873744339384993,0.9020973534862695,0.41201320438288325,0.4438870865548343,0.4757609687267853,1.009616311149487,weighted_same_synthetic_person_joint,false,Nemotron 합성 내러티브 keyword joint와 공식 성인 보정가중치를 사용한 탐색적 의존성 프록시; 실재 개인 관측 아님,kr-v0.2.1,RUN-P2-20260824T170416Z
ASSOC-DOM-02-DOM-08,DOM-02,DOM-08,person,16728.869868226713,370.6327584923529,0.4873744339384993,0.03637293296774951,0.0,0.018766792571933897,0.04564423005227661,1.0586416777741572,weighted_same_synthetic_person_joint,false,Nemotron 합성 내러티브 keyword joint와 공식 성인 보정가중치를 사용한 탐색적 의존성 프록시; 실재 개인 관측 아님,kr-v0.2.1,RUN-P2-20260824T170416Z
ASSOC-DOM-02-DOM-09,DOM-02,DOM-09,person,45527.99682241211,1020.119885132651,0.4873744339384993,0.09737445744239172,0.02302844896541969,0.05107424944494728,0.07912004992447488,1.076203000620226,weighted_same_synthetic_person_joint,false,Nemotron 합성 내러티브 keyword joint와 공식 성인 보정가중치를 사용한 탐색적 의존성 프록시; 실재 개인 관측 아님,kr-v0.2.1,RUN-P2-20260824T170416Z
ASSOC-DOM-02-DOM-10,DOM-02,DOM-10,person,391142.02973883145,8760.007920697393,0.4873744339384993,0.8862602188002495,0.4069256740268881,0.43879122714772795,0.4706567802685678,1.0158601787480395,weighted_same_synthetic_person_joint,false,Nemotron 합성 내러티브 keyword joint와 공식 성인 보정가중치를 사용한 탐색적 의존성 프록시; 실재 개인 관측 아님,kr-v0.2.1,RUN-P2-20260824T170416Z
ASSOC-DOM-02-DOM-11,DOM-02,DOM-11,person,299891.7697708702,6708.083581217077,0.4873744339384993,0.6587699578107551,0.3048878726374313,0.3364247962744572,0.36796171991148313,1.047831544830675,weighted_same_synthetic_person_joint,false,Nemotron 합성 내러티브 keyword joint와 공식 성인 보정가중치를 사용한 탐색적 의존성 프록시; 실재 개인 관측 아님,kr-v0.2.1,RUN-P2-20260824T170416Z
ASSOC-DOM-02-DOM-12,DOM-02,DOM-12,person,134229.67229604383,3009.01486904152,0.4873744339384993,0.31174674686114723,0.12063360879575197,0.1505816254667023,0.18052964213765266,0.9910767930218211,weighted_same_synthetic_person_joint,false,Nemotron 합성 내러티브 keyword joint와 공식 성인 보정가중치를 사용한 탐색적 의존성 프록시; 실재 개인 관측 아님,kr-v0.2.1,RUN-P2-20260824T170416Z
ASSOC-DOM-02-DOM-13,DOM-02,DOM-13,cross_unit,,,,,,,,,not_estimable_unit_guard,false,person와 household의 검증된 entity link가 없어 joint count를 산출하지 않음; 주변비율 독립곱 금지,kr-v0.2.1,RUN-P2-20260824T170416Z
ASSOC-DOM-02-DOM-14,DOM-02,DOM-14,cross_unit,,,,,,,,,not_estimable_unit_guard,false,person와 household의 검증된 entity link가 없어 joint count를 산출하지 않음; 주변비율 독립곱 금지,kr-v0.2.1,RUN-P2-20260824T170416Z
ASSOC-DOM-02-DOM-15,DOM-02,DOM-15,person,45449.30603358005,1019.9189554964958,0.4873744339384993,0.10901485226975005,0.02294266378803515,0.05098597248882498,0.0790292811896148,0.9596266335846192,weighted_same_synthetic_person_joint,false,Nemotron 합성 내러티브 keyword joint와 공식 성인 보정가중치를 사용한 탐색적 의존성 프록시; 실재 개인 관측 아님,kr-v0.2.1,RUN-P2-20260824T170416Z
ASSOC-DOM-02-DOM-16,DOM-02,DOM-16,cross_unit,,,,,,,,,not_estimable_unit_guard,false,person와 household의 검증된 entity link가 없어 joint count를 산출하지 않음; 주변비율 독립곱 금지,kr-v0.2.1,RUN-P2-20260824T170416Z
ASSOC-DOM-02-DOM-17,DOM-02,DOM-17,cross_unit,,,,,,,,,not_estimable_unit_guard,false,person와 household의 검증된 entity link가 없어 joint count를 산출하지 않음; 주변비율 독립곱 금지,kr-v0.2.1,RUN-P2-20260824T170416Z
ASSOC-DOM-02-DOM-18,DOM-02,DOM-18,person,174029.44390030153,3941.911344085415,0.4873744339384993,0.40158562917192336,0.16474588481116118,0.19522983326501084,0.2257137817188605,0.9974824802587894,weighted_same_synthetic_person_joint,false,Nemotron 합성 내러티브 keyword joint와 공식 성인 보정가중치를 사용한 탐색적 의존성 프록시; 실재 개인 관측 아님,kr-v0.2.1,RUN-P2-20260824T170416Z
ASSOC-DOM-02-DOM-19,DOM-02,DOM-19,cross_unit,,,,,,,,,not_estimable_unit_guard,false,person와 household의 검증된 entity link가 없어 joint count를 산출하지 않음; 주변비율 독립곱 금지,kr-v0.2.1,RUN-P2-20260824T170416Z
ASSOC-DOM-02-DOM-20,DOM-02,DOM-20,person,85200.92023306774,1949.3939204196515,0.4873744339384993,0.20543089043783516,0.06651241573765485,0.09558015631341385,0.12464789688917285,0.9546391568780054,weighted_same_synthetic_person_joint,false,Nemotron 합성 내러티브 keyword joint와 공식 성인 보정가중치를 사용한 탐색적 의존성 프록시; 실재 개인 관측 아님,kr-v0.2.1,RUN-P2-20260824T170416Z
ASSOC-DOM-02-DOM-21,DOM-02,DOM-21,person,169219.09282390832,3809.077403355899,0.4873744339384993,0.31289197055559875,0.15940775543076313,0.18983348183422413,0.22025920823768513,1.2448460661779246,weighted_same_synthetic_person_joint,false,Nemotron 합성 내러티브 keyword joint와 공식 성인 보정가중치를 사용한 탐색적 의존성 프록시; 실재 개인 관측 아님,kr-v0.2.1,RUN-P2-20260824T170416Z
ASSOC-DOM-02-DOM-22,DOM-02,DOM-22,person,20909.600320326004,458.5854779668066,0.4873744339384993,0.0384209530987867,0.0,0.023456822550751086,0.050550764581587915,1.2526746954355044,weighted_same_synthetic_person_joint,false,Nemotron 합성 내러티브 keyword joint와 공식 성인 보정가중치를 사용한 탐색적 의존성 프록시; 실재 개인 관측 아님,kr-v0.2.1,RUN-P2-20260824T170416Z
ASSOC-DOM-02-DOM-23,DOM-02,DOM-23,person,200601.9082680172,4442.464568086031,0.4873744339384993,0.4200931925662546,0.1942616949081565,0.22503937394780213,0.2558170529874477,1.0991326861025743,weighted_same_synthetic_person_joint,false,Nemotron 합성 내러티브 keyword joint와 공식 성인 보정가중치를 사용한 탐색적 의존성 프록시; 실재 개인 관측 아님,kr-v0.2.1,RUN-P2-20260824T170416Z
ASSOC-DOM-02-DOM-24,DOM-02,DOM-24,cross_unit,,,,,,,,,not_estimable_unit_guard,false,person와 enterprise의 검증된 entity link가 없어 joint count를 산출하지 않음; 주변비율 독립곱 금지,kr-v0.2.1,RUN-P2-20260824T170416Z
ASSOC-DOM-03-DOM-04,DOM-03,DOM-04,person,60549.35799753961,1323.724978237013,0.0945156571026755,0.7669202378053386,0.0394443461143366,0.06792552341278055,0.0964067007112245,0.9370851104731743,weighted_same_synthetic_person_joint,false,Nemotron 합성 내러티브 keyword joint와 공식 성인 보정가중치를 사용한 탐색적 의존성 프록시; 실재 개인 관측 아님,kr-v0.2.1,RUN-P2-20260824T170416Z
ASSOC-DOM-03-DOM-05,DOM-03,DOM-05,person,18570.192930972065,404.6387522407906,0.0945156571026755,0.24466326065762123,0.0,0.02083242690639017,0.04780840799014072,0.9008808377975909,weighted_same_synthetic_person_joint,false,Nemotron 합성 내러티브 keyword joint와 공식 성인 보정가중치를 사용한 탐색적 의존성 프록시; 실재 개인 관측 아님,kr-v0.2.1,RUN-P2-20260824T170416Z
ASSOC-DOM-03-DOM-06,DOM-03,DOM-06,person,26025.08789557471,571.4443357536652,0.0945156571026755,0.37763812371173333,0.0018662755645113202,0.029195482423486043,0.056524689282460766,0.8179675345071717,weighted_same_synthetic_person_joint,false,Nemotron 합성 내러티브 keyword joint와 공식 성인 보정가중치를 사용한 탐색적 의존성 프록시; 실재 개인 관측 아님,kr-v0.2.1,RUN-P2-20260824T170416Z
ASSOC-DOM-03-DOM-07,DOM-03,DOM-07,person,79602.9673478524,1738.33648425133,0.0945156571026755,0.9020973534862695,0.06035479092182889,0.0893002568670186,0.11824572281220833,1.047358933416708,weighted_same_synthetic_person_joint,false,Nemotron 합성 내러티브 keyword joint와 공식 성인 보정가중치를 사용한 탐색적 의존성 프록시; 실재 개인 관측 아님,kr-v0.2.1,RUN-P2-20260824T170416Z
ASSOC-DOM-03-DOM-08,DOM-03,DOM-08,person,4248.255886432406,91.94570528131665,0.0945156571026755,0.03637293296774951,0.0,0.004765781409095582,0.030718608391970402,1.3862834501004992,weighted_same_synthetic_person_joint,false,Nemotron 합성 내러티브 keyword joint와 공식 성인 보정가중치를 사용한 탐색적 의존성 프록시; 실재 개인 관측 아님,kr-v0.2.1,RUN-P2-20260824T170416Z
ASSOC-DOM-03-DOM-09,DOM-03,DOM-09,person,6781.6332270303255,147.88012015723675,0.0945156571026755,0.09737445744239172,0.0,0.007607776560707003,0.033809916119621405,0.8266257696283639,weighted_same_synthetic_person_joint,false,Nemotron 합성 내러티브 keyword joint와 공식 성인 보정가중치를 사용한 탐색적 의존성 프록시; 실재 개인 관측 아님,kr-v0.2.1,RUN-P2-20260824T170416Z
ASSOC-DOM-03-DOM-10,DOM-03,DOM-10,person,77194.2541168263,1686.3812313033989,0.0945156571026755,0.8862602188002495,0.05770703837558463,0.08659811249456487,0.1154891866135451,1.0338163882330718,weighted_same_synthetic_person_joint,false,Nemotron 합성 내러티브 keyword joint와 공식 성인 보정가중치를 사용한 탐색적 의존성 프록시; 실재 개인 관측 아님,kr-v0.2.1,RUN-P2-20260824T170416Z
ASSOC-DOM-03-DOM-11,DOM-03,DOM-11,person,60482.49906351901,1320.7710896228941,0.0945156571026755,0.6587699578107551,0.039371124891872625,0.06785051967635192,0.09632991446083121,1.089721788924205,weighted_same_synthetic_person_joint,false,Nemotron 합성 내러티브 keyword joint와 공식 성인 보정가중치를 사용한 탐색적 의존성 프록시; 실재 개인 관측 아님,kr-v0.2.1,RUN-P2-20260824T170416Z
ASSOC-DOM-03-DOM-12,DOM-03,DOM-12,person,27906.52851412531,610.4238164398262,0.0945156571026755,0.31174674686114723,0.0038968138731686267,0.031306121462636685,0.058715429052104744,1.0624868842163575,weighted_same_synthetic_person_joint,false,Nemotron 합성 내러티브 keyword joint와 공식 성인 보정가중치를 사용한 탐색적 의존성 프록시; 실재 개인 관측 아님,kr-v0.2.1,RUN-P2-20260824T170416Z
ASSOC-DOM-03-DOM-13,DOM-03,DOM-13,cross_unit,,,,,,,,,not_estimable_unit_guard,false,person와 household의 검증된 entity link가 없어 joint count를 산출하지 않음; 주변비율 독립곱 금지,kr-v0.2.1,RUN-P2-20260824T170416Z
ASSOC-DOM-03-DOM-14,DOM-03,DOM-14,cross_unit,,,,,,,,,not_estimable_unit_guard,false,person와 household의 검증된 entity link가 없어 joint count를 산출하지 않음; 주변비율 독립곱 금지,kr-v0.2.1,RUN-P2-20260824T170416Z
ASSOC-DOM-03-DOM-15,DOM-03,DOM-15,person,9107.140500988091,198.79815835269662,0.0945156571026755,0.10901485226975005,0.0,0.010216578767829138,0.0366078351496311,0.9915532881144984,weighted_same_synthetic_person_joint,false,Nemotron 합성 내러티브 keyword joint와 공식 성인 보정가중치를 사용한 탐색적 의존성 프록시; 실재 개인 관측 아님,kr-v0.2.1,RUN-P2-20260824T170416Z
ASSOC-DOM-03-DOM-16,DOM-03,DOM-16,cross_unit,,,,,,,,,not_estimable_unit_guard,false,person와 household의 검증된 entity link가 없어 joint count를 산출하지 않음; 주변비율 독립곱 금지,kr-v0.2.1,RUN-P2-20260824T170416Z
ASSOC-DOM-03-DOM-17,DOM-03,DOM-17,cross_unit,,,,,,,,,not_estimable_unit_guard,false,person와 household의 검증된 entity link가 없어 joint count를 산출하지 않음; 주변비율 독립곱 금지,kr-v0.2.1,RUN-P2-20260824T170416Z
ASSOC-DOM-03-DOM-18,DOM-03,DOM-18,person,23466.86634721329,518.422445208748,0.0945156571026755,0.40158562917192336,0.0,0.02632561652523218,0.05354065097776772,0.6935801090863698,weighted_same_synthetic_person_joint,false,Nemotron 합성 내러티브 keyword joint와 공식 성인 보정가중치를 사용한 탐색적 의존성 프록시; 실재 개인 관측 아님,kr-v0.2.1,RUN-P2-20260824T170416Z
ASSOC-DOM-03-DOM-19,DOM-03,DOM-19,cross_unit,,,,,,,,,not_estimable_unit_guard,false,person와 household의 검증된 entity link가 없어 joint count를 산출하지 않음; 주변비율 독립곱 금지,kr-v0.2.1,RUN-P2-20260824T170416Z
ASSOC-DOM-03-DOM-20,DOM-03,DOM-20,person,8559.841828722227,193.87714804426554,0.0945156571026755,0.20543089043783516,0.0,0.009602607786034598,0.03595183060446713,0.4945607929484678,weighted_same_synthetic_person_joint,false,Nemotron 합성 내러티브 keyword joint와 공식 성인 보정가중치를 사용한 탐색적 의존성 프록시; 실재 개인 관측 아님,kr-v0.2.1,RUN-P2-20260824T170416Z
ASSOC-DOM-03-DOM-21,DOM-03,DOM-21,person,39509.05480263094,871.0176600977995,0.0945156571026755,0.31289197055559875,0.016474664657260073,0.04432207567125628,0.0721694866852525,1.4987248711650718,weighted_same_synthetic_person_joint,false,Nemotron 합성 내러티브 keyword joint와 공식 성인 보정가중치를 사용한 탐색적 의존성 프록시; 실재 개인 관측 아님,kr-v0.2.1,RUN-P2-20260824T170416Z
ASSOC-DOM-03-DOM-22,DOM-03,DOM-22,person,6834.21190769776,147.90098497045236,0.0945156571026755,0.0384209530987867,0.0,0.007666760413266331,0.033873515264526186,2.111251638438097,weighted_same_synthetic_person_joint,false,Nemotron 합성 내러티브 keyword joint와 공식 성인 보정가중치를 사용한 탐색적 의존성 프록시; 실재 개인 관측 아님,kr-v0.2.1,RUN-P2-20260824T170416Z
ASSOC-DOM-03-DOM-23,DOM-03,DOM-23,person,51607.508864506046,1121.1415765737306,0.0945156571026755,0.4200931925662546,0.029663257703879852,0.057894371923707735,0.08612548614353562,1.4580987737059374,weighted_same_synthetic_person_joint,false,Nemotron 합성 내러티브 keyword joint와 공식 성인 보정가중치를 사용한 탐색적 의존성 프록시; 실재 개인 관측 아님,kr-v0.2.1,RUN-P2-20260824T170416Z
ASSOC-DOM-03-DOM-24,DOM-03,DOM-24,cross_unit,,,,,,,,,not_estimable_unit_guard,false,person와 enterprise의 검증된 entity link가 없어 joint count를 산출하지 않음; 주변비율 독립곱 금지,kr-v0.2.1,RUN-P2-20260824T170416Z
ASSOC-DOM-04-DOM-05,DOM-04,DOM-05,person,164153.4193972184,3685.3960997452887,0.7669202378053386,0.24466326065762123,0.1537880971208196,0.18415070450469226,0.21451331188856493,0.9814189221074329,weighted_same_synthetic_person_joint,false,Nemotron 합성 내러티브 keyword joint와 공식 성인 보정가중치를 사용한 탐색적 의존성 프록시; 실재 개인 관측 아님,kr-v0.2.1,RUN-P2-20260824T170416Z
ASSOC-DOM-04-DOM-06,DOM-04,DOM-06,person,261885.6496428285,5915.362835637594,0.7669202378053386,0.37763812371173333,0.26248687685635225,0.2937887438378459,0.3250906108193396,1.0143997251335681,weighted_same_synthetic_person_joint,false,Nemotron 합성 내러티브 keyword joint와 공식 성인 보정가중치를 사용한 탐색적 의존성 프록시; 실재 개인 관측 아님,kr-v0.2.1,RUN-P2-20260824T170416Z
ASSOC-DOM-04-DOM-07,DOM-04,DOM-07,person,617166.3551544851,13885.727281630216,0.7669202378053386,0.9020973534862695,0.6609647781906495,0.6923499949963112,0.723735211801973,1.0007419064709155,weighted_same_synthetic_person_joint,false,Nemotron 합성 내러티브 keyword joint와 공식 성인 보정가중치를 사용한 탐색적 의존성 프록시; 실재 개인 관측 아님,kr-v0.2.1,RUN-P2-20260824T170416Z
ASSOC-DOM-04-DOM-08,DOM-04,DOM-08,person,24947.302291943983,554.4318364589313,0.7669202378053386,0.03637293296774951,0.0007045137716346697,0.027986400218909212,0.055268286666183754,1.0032716029686681,weighted_same_synthetic_person_joint,false,Nemotron 합성 내러티브 keyword joint와 공식 성인 보정가중치를 사용한 탐색적 의존성 프록시; 실재 개인 관측 아님,kr-v0.2.1,RUN-P2-20260824T170416Z
ASSOC-DOM-04-DOM-09,DOM-04,DOM-09,person,66235.39108433813,1492.8209214885235,0.7669202378053386,0.09737445744239172,0.045675748697610125,0.07430423305292028,0.10293271740823043,0.9949890625105096,weighted_same_synthetic_person_joint,false,Nemotron 합성 내러티브 keyword joint와 공식 성인 보정가중치를 사용한 탐색적 의존성 프록시; 실재 개인 관측 아님,kr-v0.2.1,RUN-P2-20260824T170416Z
ASSOC-DOM-04-DOM-10,DOM-04,DOM-10,person,609482.1905705656,13713.949946083585,0.7669202378053386,0.8862602188002495,0.6522961149573118,0.6837297400734782,0.7151633651896446,1.005942175078542,weighted_same_synthetic_person_joint,false,Nemotron 합성 내러티브 keyword joint와 공식 성인 보정가중치를 사용한 탐색적 의존성 프록시; 실재 개인 관측 아님,kr-v0.2.1,RUN-P2-20260824T170416Z
ASSOC-DOM-04-DOM-11,DOM-04,DOM-11,person,461067.4966120465,10357.924088425603,0.7669202378053386,0.6587699578107551,0.48532159211906145,0.5172350636197709,0.5491485351204803,1.0237737134707192,weighted_same_synthetic_person_joint,false,Nemotron 합성 내러티브 keyword joint와 공식 성인 보정가중치를 사용한 탐색적 의존성 프록시; 실재 개인 관측 아님,kr-v0.2.1,RUN-P2-20260824T170416Z
ASSOC-DOM-04-DOM-12,DOM-04,DOM-12,person,216310.7609042669,4864.452332264364,0.7669202378053386,0.31174674686114723,0.2117308612856647,0.24266189007051406,0.2735929188553634,1.0149612166796735,weighted_same_synthetic_person_joint,false,Nemotron 합성 내러티브 keyword joint와 공식 성인 보정가중치를 사용한 탐색적 의존성 프록시; 실재 개인 관측 아님,kr-v0.2.1,RUN-P2-20260824T170416Z
ASSOC-DOM-04-DOM-13,DOM-04,DOM-13,cross_unit,,,,,,,,,not_estimable_unit_guard,false,person와 household의 검증된 entity link가 없어 joint count를 산출하지 않음; 주변비율 독립곱 금지,kr-v0.2.1,RUN-P2-20260824T170416Z
ASSOC-DOM-04-DOM-14,DOM-04,DOM-14,cross_unit,,,,,,,,,not_estimable_unit_guard,false,person와 household의 검증된 entity link가 없어 joint count를 산출하지 않음; 주변비율 독립곱 금지,kr-v0.2.1,RUN-P2-20260824T170416Z
ASSOC-DOM-04-DOM-15,DOM-04,DOM-15,person,73994.68606986167,1670.4465230741416,0.7669202378053386,0.10901485226975005,0.05419171139774728,0.08300877081576934,0.11182583023379139,0.992860227989582,weighted_same_synthetic_person_joint,false,Nemotron 합성 내러티브 keyword joint와 공식 성인 보정가중치를 사용한 탐색적 의존성 프록시; 실재 개인 관측 아님,kr-v0.2.1,RUN-P2-20260824T170416Z
ASSOC-DOM-04-DOM-16,DOM-04,DOM-16,cross_unit,,,,,,,,,not_estimable_unit_guard,false,person와 household의 검증된 entity link가 없어 joint count를 산출하지 않음; 주변비율 독립곱 금지,kr-v0.2.1,RUN-P2-20260824T170416Z
ASSOC-DOM-04-DOM-17,DOM-04,DOM-17,cross_unit,,,,,,,,,not_estimable_unit_guard,false,person와 household의 검증된 entity link가 없어 joint count를 산출하지 않음; 주변비율 독립곱 금지,kr-v0.2.1,RUN-P2-20260824T170416Z
ASSOC-DOM-04-DOM-18,DOM-04,DOM-18,person,281230.0899408009,6394.775898371526,0.7669202378053386,0.40158562917192336,0.28406038939796935,0.3154897374705192,0.3469190855430691,1.024370057156542,weighted_same_synthetic_person_joint,false,Nemotron 합성 내러티브 keyword joint와 공식 성인 보정가중치를 사용한 탐색적 의존성 프록시; 실재 개인 관측 아님,kr-v0.2.1,RUN-P2-20260824T170416Z
ASSOC-DOM-04-DOM-19,DOM-04,DOM-19,cross_unit,,,,,,,,,not_estimable_unit_guard,false,person와 household의 검증된 entity link가 없어 joint count를 산출하지 않음; 주변비율 독립곱 금지,kr-v0.2.1,RUN-P2-20260824T170416Z
ASSOC-DOM-04-DOM-20,DOM-04,DOM-20,person,141297.22079105716,3239.049674805693,0.7669202378053386,0.20543089043783516,0.12845728711786902,0.15851014769460928,0.18856300827134953,1.0060999415588228,weighted_same_synthetic_person_joint,false,Nemotron 합성 내러티브 keyword joint와 공식 성인 보정가중치를 사용한 탐색적 의존성 프록시; 실재 개인 관측 아님,kr-v0.2.1,RUN-P2-20260824T170416Z
ASSOC-DOM-04-DOM-21,DOM-04,DOM-21,person,214553.28931918205,4839.318099614975,0.7669202378053386,0.31289197055559875,0.20977575282737376,0.24069032205975446,0.27160489129213516,1.003030204802008,weighted_same_synthetic_person_joint,false,Nemotron 합성 내러티브 keyword joint와 공식 성인 보정가중치를 사용한 탐색적 의존성 프록시; 실재 개인 관측 아님,kr-v0.2.1,RUN-P2-20260824T170416Z
ASSOC-DOM-04-DOM-22,DOM-04,DOM-22,person,25064.30476204674,551.5021765011743,0.7669202378053386,0.0384209530987867,0.000830579251199056,0.028117656012284286,0.05540473277336952,0.9542469514442351,weighted_same_synthetic_person_joint,false,Nemotron 합성 내러티브 keyword joint와 공식 성인 보정가중치를 사용한 탐색적 의존성 프록시; 실재 개인 관측 아님,kr-v0.2.1,RUN-P2-20260824T170416Z
ASSOC-DOM-04-DOM-23,DOM-04,DOM-23,person,290112.78531729535,6446.423111175258,0.7669202378053386,0.4200931925662546,0.293972139688485,0.32545452905078975,0.3569369184130945,1.0101700246477012,weighted_same_synthetic_person_joint,false,Nemotron 합성 내러티브 keyword joint와 공식 성인 보정가중치를 사용한 탐색적 의존성 프록시; 실재 개인 관측 아님,kr-v0.2.1,RUN-P2-20260824T170416Z
ASSOC-DOM-04-DOM-24,DOM-04,DOM-24,cross_unit,,,,,,,,,not_estimable_unit_guard,false,person와 enterprise의 검증된 entity link가 없어 joint count를 산출하지 않음; 주변비율 독립곱 금지,kr-v0.2.1,RUN-P2-20260824T170416Z
ASSOC-DOM-05-DOM-06,DOM-05,DOM-06,person,84586.53174063627,1904.3940941369544,0.24466326065762123,0.37763812371173333,0.06583633082759097,0.09489092258233298,0.12394551433707499,1.0270227846572657,weighted_same_synthetic_person_joint,false,Nemotron 합성 내러티브 keyword joint와 공식 성인 보정가중치를 사용한 탐색적 의존성 프록시; 실재 개인 관측 아님,kr-v0.2.1,RUN-P2-20260824T170416Z
ASSOC-DOM-05-DOM-07,DOM-05,DOM-07,person,200838.8494542689,4502.3919377478205,0.24466326065762123,0.9020973534862695,0.19452508080693995,0.22530517947615877,0.25608527814537757,1.0208196179483953,weighted_same_synthetic_person_joint,false,Nemotron 합성 내러티브 keyword joint와 공식 성인 보정가중치를 사용한 탐색적 의존성 프록시; 실재 개인 관측 아님,kr-v0.2.1,RUN-P2-20260824T170416Z
ASSOC-DOM-05-DOM-08,DOM-05,DOM-08,person,7645.956082975783,169.85263502080107,0.24466326065762123,0.03637293296774951,0.0,0.008577391835407523,0.03485321761179365,0.9638471522531893,weighted_same_synthetic_person_joint,false,Nemotron 합성 내러티브 keyword joint와 공식 성인 보정가중치를 사용한 탐색적 의존성 프록시; 실재 개인 관측 아님,kr-v0.2.1,RUN-P2-20260824T170416Z
ASSOC-DOM-05-DOM-09,DOM-05,DOM-09,person,15875.881839350439,356.7198752169236,0.24466326065762123,0.09737445744239172,0.0,0.017809892940915326,0.044639731479959276,0.747562484368199,weighted_same_synthetic_person_joint,false,Nemotron 합성 내러티브 keyword joint와 공식 성인 보정가중치를 사용한 탐색적 의존성 프록시; 실재 개인 관측 아님,kr-v0.2.1,RUN-P2-20260824T170416Z
ASSOC-DOM-05-DOM-10,DOM-05,DOM-10,person,200156.4674850477,4487.456270263768,0.24466326065762123,0.8862602188002495,0.19376654811755128,0.2245396692550813,0.2553127903926113,1.0355309020351144,weighted_same_synthetic_person_joint,false,Nemotron 합성 내러티브 keyword joint와 공식 성인 보정가중치를 사용한 탐색적 의존성 프록시; 실재 개인 관측 아님,kr-v0.2.1,RUN-P2-20260824T170416Z
ASSOC-DOM-05-DOM-11,DOM-05,DOM-11,person,154731.27619723603,3465.4889421511425,0.24466326065762123,0.6587699578107551,0.14334070040694044,0.17358074918732985,0.20382079796771926,1.0769586121074122,weighted_same_synthetic_person_joint,false,Nemotron 합성 내러티브 keyword joint와 공식 성인 보정가중치를 사용한 탐색적 의존성 프록시; 실재 개인 관측 아님,kr-v0.2.1,RUN-P2-20260824T170416Z
ASSOC-DOM-05-DOM-12,DOM-05,DOM-12,person,70288.59042856738,1575.4020211846062,0.24466326065762123,0.31174674686114723,0.05012253090266315,0.07885119599453064,0.10757986108639812,1.0338025413097192,weighted_same_synthetic_person_joint,false,Nemotron 합성 내러티브 keyword joint와 공식 성인 보정가중치를 사용한 탐색적 의존성 프록시; 실재 개인 관측 아님,kr-v0.2.1,RUN-P2-20260824T170416Z
ASSOC-DOM-05-DOM-13,DOM-05,DOM-13,cross_unit,,,,,,,,,not_estimable_unit_guard,false,person와 household의 검증된 entity link가 없어 joint count를 산출하지 않음; 주변비율 독립곱 금지,kr-v0.2.1,RUN-P2-20260824T170416Z
ASSOC-DOM-05-DOM-14,DOM-05,DOM-14,cross_unit,,,,,,,,,not_estimable_unit_guard,false,person와 household의 검증된 entity link가 없어 joint count를 산출하지 않음; 주변비율 독립곱 금지,kr-v0.2.1,RUN-P2-20260824T170416Z
ASSOC-DOM-05-DOM-15,DOM-05,DOM-15,person,24792.714927146,557.4034955361993,0.24466326065762123,0.10901485226975005,0.0005379724528421642,0.0278129809125091,0.05508798937217604,1.0427809959611192,weighted_same_synthetic_person_joint,false,Nemotron 합성 내러티브 keyword joint와 공식 성인 보정가중치를 사용한 탐색적 의존성 프록시; 실재 개인 관측 아님,kr-v0.2.1,RUN-P2-20260824T170416Z
ASSOC-DOM-05-DOM-16,DOM-05,DOM-16,cross_unit,,,,,,,,,not_estimable_unit_guard,false,person와 household의 검증된 entity link가 없어 joint count를 산출하지 않음; 주변비율 독립곱 금지,kr-v0.2.1,RUN-P2-20260824T170416Z
ASSOC-DOM-05-DOM-17,DOM-05,DOM-17,cross_unit,,,,,,,,,not_estimable_unit_guard,false,person와 household의 검증된 entity link가 없어 joint count를 산출하지 않음; 주변비율 독립곱 금지,kr-v0.2.1,RUN-P2-20260824T170416Z
ASSOC-DOM-05-DOM-18,DOM-05,DOM-18,person,85185.2975795368,1929.4314142209519,0.24466326065762123,0.40158562917192336,0.066495223465643,0.09556263049723213,0.12463003752882125,0.9726154708996992,weighted_same_synthetic_person_joint,false,Nemotron 합성 내러티브 keyword joint와 공식 성인 보정가중치를 사용한 탐색적 의존성 프록시; 실재 개인 관측 아님,kr-v0.2.1,RUN-P2-20260824T170416Z
ASSOC-DOM-05-DOM-19,DOM-05,DOM-19,cross_unit,,,,,,,,,not_estimable_unit_guard,false,person와 household의 검증된 entity link가 없어 joint count를 산출하지 않음; 주변비율 독립곱 금지,kr-v0.2.1,RUN-P2-20260824T170416Z
ASSOC-DOM-05-DOM-20,DOM-05,DOM-20,person,44224.08903509258,1012.6993018120606,0.24466326065762123,0.20543089043783516,0.021607317673022836,0.049611498693085,0.07761567971314717,0.9870697411688704,weighted_same_synthetic_person_joint,false,Nemotron 합성 내러티브 keyword joint와 공식 성인 보정가중치를 사용한 탐색적 의존성 프록시; 실재 개인 관측 아님,kr-v0.2.1,RUN-P2-20260824T170416Z
ASSOC-DOM-05-DOM-21,DOM-05,DOM-21,person,63757.99221339299,1431.460812790827,0.24466326065762123,0.31289197055559875,0.04295971600952122,0.07152503570754103,0.10009035540556083,0.9343184082563937,weighted_same_synthetic_person_joint,false,Nemotron 합성 내러티브 keyword joint와 공식 성인 보정가중치를 사용한 탐색적 의존성 프록시; 실재 개인 관측 아님,kr-v0.2.1,RUN-P2-20260824T170416Z
ASSOC-DOM-05-DOM-22,DOM-05,DOM-22,person,8537.533079507179,187.83245183680464,0.24466326065762123,0.0384209530987867,0.0,0.00957758136928583,0.035925061885837384,1.018870427055745,weighted_same_synthetic_person_joint,false,Nemotron 합성 내러티브 keyword joint와 공식 성인 보정가중치를 사용한 탐색적 의존성 프록시; 실재 개인 관측 아님,kr-v0.2.1,RUN-P2-20260824T170416Z
ASSOC-DOM-05-DOM-23,DOM-05,DOM-23,person,99539.28855099966,2206.7799299843614,0.24466326065762123,0.4200931925662546,0.0823077923125054,0.11166523475339221,0.14102267719427902,1.0864345791113432,weighted_same_synthetic_person_joint,false,Nemotron 합성 내러티브 keyword joint와 공식 성인 보정가중치를 사용한 탐색적 의존성 프록시; 실재 개인 관측 아님,kr-v0.2.1,RUN-P2-20260824T170416Z
ASSOC-DOM-05-DOM-24,DOM-05,DOM-24,cross_unit,,,,,,,,,not_estimable_unit_guard,false,person와 enterprise의 검증된 entity link가 없어 joint count를 산출하지 않음; 주변비율 독립곱 금지,kr-v0.2.1,RUN-P2-20260824T170416Z
ASSOC-DOM-06-DOM-07,DOM-06,DOM-07,person,306419.8168603539,6912.294444626591,0.37763812371173333,0.9020973534862695,0.3121769689316006,0.3437480946558286,0.37531922038005666,1.0090462197457404,weighted_same_synthetic_person_joint,false,Nemotron 합성 내러티브 keyword joint와 공식 성인 보정가중치를 사용한 탐색적 의존성 프록시; 실재 개인 관측 아님,kr-v0.2.1,RUN-P2-20260824T170416Z
ASSOC-DOM-06-DOM-08,DOM-06,DOM-08,person,13349.423949792046,298.7550684215335,0.37763812371173333,0.03637293296774951,0.0,0.014975660172740046,0.041656014262464146,1.0902643789872393,weighted_same_synthetic_person_joint,false,Nemotron 합성 내러티브 keyword joint와 공식 성인 보정가중치를 사용한 탐색적 의존성 프록시; 실재 개인 관측 아님,kr-v0.2.1,RUN-P2-20260824T170416Z
ASSOC-DOM-06-DOM-09,DOM-06,DOM-09,person,37903.32903184389,857.4713353382513,0.37763812371173333,0.09737445744239172,0.014729163428314561,0.042520739256714415,0.07031231508511426,1.1563250243520142,weighted_same_synthetic_person_joint,false,Nemotron 합성 내러티브 keyword joint와 공식 성인 보정가중치를 사용한 탐색적 의존성 프록시; 실재 개인 관측 아님,kr-v0.2.1,RUN-P2-20260824T170416Z
ASSOC-DOM-06-DOM-10,DOM-06,DOM-10,person,302813.0435780163,6831.375158545282,0.37763812371173333,0.8862602188002495,0.3081494970368888,0.33970194171323304,0.37125438638957725,1.0149880809735627,weighted_same_synthetic_person_joint,false,Nemotron 합성 내러티브 keyword joint와 공식 성인 보정가중치를 사용한 탐색적 의존성 프록시; 실재 개인 관측 아님,kr-v0.2.1,RUN-P2-20260824T170416Z
ASSOC-DOM-06-DOM-11,DOM-06,DOM-11,person,229299.41939191753,5167.697359483591,0.37763812371173333,0.6587699578107551,0.226185363758453,0.2572328360785522,0.2882803083986514,1.033991072816471,weighted_same_synthetic_person_joint,false,Nemotron 합성 내러티브 keyword joint와 공식 성인 보정가중치를 사용한 탐색적 의존성 프록시; 실재 개인 관측 아님,kr-v0.2.1,RUN-P2-20260824T170416Z
ASSOC-DOM-06-DOM-12,DOM-06,DOM-12,person,109302.12094455466,2466.0552080354755,0.37763812371173333,0.31174674686114723,0.09307948278440152,0.12261738226171787,0.1521552817390342,1.0415359835913334,weighted_same_synthetic_person_joint,false,Nemotron 합성 내러티브 keyword joint와 공식 성인 보정가중치를 사용한 탐색적 의존성 프록시; 실재 개인 관측 아님,kr-v0.2.1,RUN-P2-20260824T170416Z
ASSOC-DOM-06-DOM-13,DOM-06,DOM-13,cross_unit,,,,,,,,,not_estimable_unit_guard,false,person와 household의 검증된 entity link가 없어 joint count를 산출하지 않음; 주변비율 독립곱 금지,kr-v0.2.1,RUN-P2-20260824T170416Z
ASSOC-DOM-06-DOM-14,DOM-06,DOM-14,cross_unit,,,,,,,,,not_estimable_unit_guard,false,person와 household의 검증된 entity link가 없어 joint count를 산출하지 않음; 주변비율 독립곱 금지,kr-v0.2.1,RUN-P2-20260824T170416Z
ASSOC-DOM-06-DOM-15,DOM-06,DOM-15,person,35600.451504247394,806.3992308570205,0.37763812371173333,0.10901485226975005,0.012228232466559075,0.03993732356758558,0.06764641466861208,0.9701021232750101,weighted_same_synthetic_person_joint,false,Nemotron 합성 내러티브 keyword joint와 공식 성인 보정가중치를 사용한 탐색적 의존성 프록시; 실재 개인 관측 아님,kr-v0.2.1,RUN-P2-20260824T170416Z
ASSOC-DOM-06-DOM-16,DOM-06,DOM-16,cross_unit,,,,,,,,,not_estimable_unit_guard,false,person와 household의 검증된 entity link가 없어 joint count를 산출하지 않음; 주변비율 독립곱 금지,kr-v0.2.1,RUN-P2-20260824T170416Z
ASSOC-DOM-06-DOM-17,DOM-06,DOM-17,cross_unit,,,,,,,,,not_estimable_unit_guard,false,person와 household의 검증된 entity link가 없어 joint count를 산출하지 않음; 주변비율 독립곱 금지,kr-v0.2.1,RUN-P2-20260824T170416Z
ASSOC-DOM-06-DOM-18,DOM-06,DOM-18,person,143477.5214927176,3265.1230186236658,0.37763812371173333,0.40158562917192336,0.13087176373609422,0.16095605416257808,0.19104034458906194,1.0613370434259386,weighted_same_synthetic_person_joint,false,Nemotron 합성 내러티브 keyword joint와 공식 성인 보정가중치를 사용한 탐색적 의존성 프록시; 실재 개인 관측 아님,kr-v0.2.1,RUN-P2-20260824T170416Z
ASSOC-DOM-06-DOM-19,DOM-06,DOM-19,cross_unit,,,,,,,,,not_estimable_unit_guard,false,person와 household의 검증된 entity link가 없어 joint count를 산출하지 않음; 주변비율 독립곱 금지,kr-v0.2.1,RUN-P2-20260824T170416Z
ASSOC-DOM-06-DOM-20,DOM-06,DOM-20,person,65943.76213630669,1511.6628830070197,0.37763812371173333,0.20543089043783516,0.04535595036405126,0.0739770776611462,0.10259820495824112,0.9535766135697387,weighted_same_synthetic_person_joint,false,Nemotron 합성 내러티브 keyword joint와 공식 성인 보정가중치를 사용한 탐색적 의존성 프록시; 실재 개인 관측 아님,kr-v0.2.1,RUN-P2-20260824T170416Z
ASSOC-DOM-06-DOM-21,DOM-06,DOM-21,person,104650.72262945086,2369.097799195879,0.37763812371173333,0.31289197055559875,0.08794586942999391,0.1173993473294963,0.1468528252289987,0.9935630521061126,weighted_same_synthetic_person_joint,false,Nemotron 합성 내러티브 keyword joint와 공식 성인 보정가중치를 사용한 탐색적 의존성 프록시; 실재 개인 관측 아님,kr-v0.2.1,RUN-P2-20260824T170416Z
ASSOC-DOM-06-DOM-22,DOM-06,DOM-22,person,12055.902780816876,266.76177882388146,0.37763812371173333,0.0384209530987867,0.0,0.013524561344380539,0.04012260658655068,0.9321358747663151,weighted_same_synthetic_person_joint,false,Nemotron 합성 내러티브 keyword joint와 공식 성인 보정가중치를 사용한 탐색적 의존성 프록시; 실재 개인 관측 아님,kr-v0.2.1,RUN-P2-20260824T170416Z
ASSOC-DOM-06-DOM-23,DOM-06,DOM-23,person,138795.30478392297,3096.1585357145623,0.37763812371173333,0.4200931925662546,0.12568717588380401,0.1557034465182515,0.18571971715269897,0.9814693701751591,weighted_same_synthetic_person_joint,false,Nemotron 합성 내러티브 keyword joint와 공식 성인 보정가중치를 사용한 탐색적 의존성 프록시; 실재 개인 관측 아님,kr-v0.2.1,RUN-P2-20260824T170416Z
ASSOC-DOM-06-DOM-24,DOM-06,DOM-24,cross_unit,,,,,,,,,not_estimable_unit_guard,false,person와 enterprise의 검증된 entity link가 없어 joint count를 산출하지 않음; 주변비율 독립곱 금지,kr-v0.2.1,RUN-P2-20260824T170416Z
ASSOC-DOM-07-DOM-08,DOM-07,DOM-08,person,30387.57018489197,674.3302888850457,0.9020973534862695,0.03637293296774951,0.006578892137798973,0.034089405376276076,0.06159991861475318,1.0389333678673047,weighted_same_synthetic_person_joint,false,Nemotron 합성 내러티브 keyword joint와 공식 성인 보정가중치를 사용한 탐색적 의존성 프록시; 실재 개인 관측 아님,kr-v0.2.1,RUN-P2-20260824T170416Z
ASSOC-DOM-07-DOM-09,DOM-07,DOM-09,person,78457.32933652401,1765.5315881945485,0.9020973534862695,0.09737445744239172,0.05909532186612787,0.08801505642667336,0.11693479098721885,1.001978752463263,weighted_same_synthetic_person_joint,false,Nemotron 합성 내러티브 keyword joint와 공식 성인 보정가중치를 사용한 탐색적 의존성 프록시; 실재 개인 관측 아님,kr-v0.2.1,RUN-P2-20260824T170416Z
ASSOC-DOM-07-DOM-10,DOM-07,DOM-10,person,720559.7255970573,16188.92792084542,0.9020973534862695,0.8862602188002495,0.7778931885353699,0.8083388186104048,0.8387844486854397,1.011064287934973,weighted_same_synthetic_person_joint,false,Nemotron 합성 내러티브 keyword joint와 공식 성인 보정가중치를 사용한 탐색적 의존성 프록시; 실재 개인 관측 아님,kr-v0.2.1,RUN-P2-20260824T170416Z
ASSOC-DOM-07-DOM-11,DOM-07,DOM-11,person,540091.1457381524,12116.85764084858,0.9020973534862695,0.6587699578107551,0.5741247421849072,0.6058854293114563,0.6376461164380054,1.0195377576638378,weighted_same_synthetic_person_joint,false,Nemotron 합성 내러티브 keyword joint와 공식 성인 보정가중치를 사용한 탐색적 의존성 프록시; 실재 개인 관측 아님,kr-v0.2.1,RUN-P2-20260824T170416Z
ASSOC-DOM-07-DOM-12,DOM-07,DOM-12,person,253776.5475316384,5698.4626569822985,0.9020973534862695,0.31174674686114723,0.25344842470106876,0.2846917851990334,0.315935145696998,1.0123241483414642,weighted_same_synthetic_person_joint,false,Nemotron 합성 내러티브 keyword joint와 공식 성인 보정가중치를 사용한 탐색적 의존성 프록시; 실재 개인 관측 아님,kr-v0.2.1,RUN-P2-20260824T170416Z
ASSOC-DOM-07-DOM-13,DOM-07,DOM-13,cross_unit,,,,,,,,,not_estimable_unit_guard,false,person와 household의 검증된 entity link가 없어 joint count를 산출하지 않음; 주변비율 독립곱 금지,kr-v0.2.1,RUN-P2-20260824T170416Z
ASSOC-DOM-07-DOM-14,DOM-07,DOM-14,cross_unit,,,,,,,,,not_estimable_unit_guard,false,person와 household의 검증된 entity link가 없어 joint count를 산출하지 않음; 주변비율 독립곱 금지,kr-v0.2.1,RUN-P2-20260824T170416Z
ASSOC-DOM-07-DOM-15,DOM-07,DOM-15,person,87579.28788964693,1974.0588675128051,0.9020973534862695,0.10901485226975005,0.06913022121333598,0.09824825839217963,0.12736629557102327,0.9990466807489253,weighted_same_synthetic_person_joint,false,Nemotron 합성 내러티브 keyword joint와 공식 성인 보정가중치를 사용한 탐색적 의존성 프록시; 실재 개인 관측 아님,kr-v0.2.1,RUN-P2-20260824T170416Z
ASSOC-DOM-07-DOM-16,DOM-07,DOM-16,cross_unit,,,,,,,,,not_estimable_unit_guard,false,person와 household의 검증된 entity link가 없어 joint count를 산출하지 않음; 주변비율 독립곱 금지,kr-v0.2.1,RUN-P2-20260824T170416Z
ASSOC-DOM-07-DOM-17,DOM-07,DOM-17,cross_unit,,,,,,,,,not_estimable_unit_guard,false,person와 household의 검증된 entity link가 없어 joint count를 산출하지 않음; 주변비율 독립곱 금지,kr-v0.2.1,RUN-P2-20260824T170416Z
ASSOC-DOM-07-DOM-18,DOM-07,DOM-18,person,315978.19977511547,7173.738490548887,0.9020973534862695,0.40158562917192336,0.3228527984593983,0.3544708865059311,0.38608897455246394,0.9784733455142374,weighted_same_synthetic_person_joint,false,Nemotron 합성 내러티브 keyword joint와 공식 성인 보정가중치를 사용한 탐색적 의존성 프록시; 실재 개인 관측 아님,kr-v0.2.1,RUN-P2-20260824T170416Z
ASSOC-DOM-07-DOM-19,DOM-07,DOM-19,cross_unit,,,,,,,,,not_estimable_unit_guard,false,person와 household의 검증된 entity link가 없어 joint count를 산출하지 않음; 주변비율 독립곱 금지,kr-v0.2.1,RUN-P2-20260824T170416Z
ASSOC-DOM-07-DOM-20,DOM-07,DOM-20,person,162410.78349275055,3721.868933629737,0.9020973534862695,0.20543089043783516,0.1518553255976831,0.1821957794676061,0.21253623333752908,0.9831485772826316,weighted_same_synthetic_person_joint,false,Nemotron 합성 내러티브 keyword joint와 공식 성인 보정가중치를 사용한 탐색적 의존성 프록시; 실재 개인 관측 아님,kr-v0.2.1,RUN-P2-20260824T170416Z
ASSOC-DOM-07-DOM-21,DOM-07,DOM-21,person,250478.55026028218,5641.29376754133,0.9020973534862695,0.31289197055559875,0.2497733438838185,0.28099202357844116,0.3122107032730638,0.9955112329331115,weighted_same_synthetic_person_joint,false,Nemotron 합성 내러티브 keyword joint와 공식 성인 보정가중치를 사용한 탐색적 의존성 프록시; 실재 개인 관측 아님,kr-v0.2.1,RUN-P2-20260824T170416Z
ASSOC-DOM-07-DOM-22,DOM-07,DOM-22,person,32635.803912575007,717.3468781087256,0.9020973534862695,0.0384209530987867,0.009013192686852883,0.036611520519319256,0.06420984835178563,1.0563217525832465,weighted_same_synthetic_person_joint,false,Nemotron 합성 내러티브 keyword joint와 공식 성인 보정가중치를 사용한 탐색적 의존성 프록시; 실재 개인 관측 아님,kr-v0.2.1,RUN-P2-20260824T170416Z
ASSOC-DOM-07-DOM-23,DOM-07,DOM-23,person,348489.25200157374,7734.017048805343,0.9020973534862695,0.4200931925662546,0.35919142982719915,0.39094245800091143,0.4226934861746237,1.0316058267149355,weighted_same_synthetic_person_joint,false,Nemotron 합성 내러티브 keyword joint와 공식 성인 보정가중치를 사용한 탐색적 의존성 프록시; 실재 개인 관측 아님,kr-v0.2.1,RUN-P2-20260824T170416Z
ASSOC-DOM-07-DOM-24,DOM-07,DOM-24,cross_unit,,,,,,,,,not_estimable_unit_guard,false,person와 enterprise의 검증된 entity link가 없어 joint count를 산출하지 않음; 주변비율 독립곱 금지,kr-v0.2.1,RUN-P2-20260824T170416Z
ASSOC-DOM-08-DOM-09,DOM-08,DOM-09,person,12718.17269832605,283.7238945594848,0.03637293296774951,0.09737445744239172,0.0,0.014267509449448436,0.0409082426199126,4.028327728485062,weighted_same_synthetic_person_joint,false,Nemotron 합성 내러티브 keyword joint와 공식 성인 보정가중치를 사용한 탐색적 의존성 프록시; 실재 개인 관측 아님,kr-v0.2.1,RUN-P2-20260824T170416Z
ASSOC-DOM-08-DOM-10,DOM-08,DOM-10,person,30416.69355111649,675.3340368073268,0.03637293296774951,0.8862602188002495,0.006610403065316309,0.03412207657147559,0.06163375007763487,1.058512217891967,weighted_same_synthetic_person_joint,false,Nemotron 합성 내러티브 keyword joint와 공식 성인 보정가중치를 사용한 탐색적 의존성 프록시; 실재 개인 관측 아님,kr-v0.2.1,RUN-P2-20260824T170416Z
ASSOC-DOM-08-DOM-11,DOM-08,DOM-11,person,24110.26661652468,534.4897791908281,0.03637293296774951,0.6587699578107551,0.0,0.02704739626827547,0.05429175829622475,1.1287905268087366,weighted_same_synthetic_person_joint,false,Nemotron 합성 내러티브 keyword joint와 공식 성인 보정가중치를 사용한 탐색적 의존성 프록시; 실재 개인 관측 아님,kr-v0.2.1,RUN-P2-20260824T170416Z
ASSOC-DOM-08-DOM-12,DOM-08,DOM-12,person,12661.742209422184,281.7245919615596,0.03637293296774951,0.31174674686114723,0.0,0.014204204558661813,0.04084134628581913,1.2526699680159237,weighted_same_synthetic_person_joint,false,Nemotron 합성 내러티브 keyword joint와 공식 성인 보정가중치를 사용한 탐색적 의존성 프록시; 실재 개인 관측 아님,kr-v0.2.1,RUN-P2-20260824T170416Z
ASSOC-DOM-08-DOM-13,DOM-08,DOM-13,cross_unit,,,,,,,,,not_estimable_unit_guard,false,person와 household의 검증된 entity link가 없어 joint count를 산출하지 않음; 주변비율 독립곱 금지,kr-v0.2.1,RUN-P2-20260824T170416Z
ASSOC-DOM-08-DOM-14,DOM-08,DOM-14,cross_unit,,,,,,,,,not_estimable_unit_guard,false,person와 household의 검증된 entity link가 없어 joint count를 산출하지 않음; 주변비율 독립곱 금지,kr-v0.2.1,RUN-P2-20260824T170416Z
ASSOC-DOM-08-DOM-15,DOM-08,DOM-15,person,2485.709460959876,54.94233000461997,0.03637293296774951,0.10901485226975005,0.0,0.0027885203373198613,0.028518086832104578,0.7032501337215479,weighted_same_synthetic_person_joint,false,Nemotron 합성 내러티브 keyword joint와 공식 성인 보정가중치를 사용한 탐색적 의존성 프록시; 실재 개인 관측 아님,kr-v0.2.1,RUN-P2-20260824T170416Z
ASSOC-DOM-08-DOM-16,DOM-08,DOM-16,cross_unit,,,,,,,,,not_estimable_unit_guard,false,person와 household의 검증된 entity link가 없어 joint count를 산출하지 않음; 주변비율 독립곱 금지,kr-v0.2.1,RUN-P2-20260824T170416Z
ASSOC-DOM-08-DOM-17,DOM-08,DOM-17,cross_unit,,,,,,,,,not_estimable_unit_guard,false,person와 household의 검증된 entity link가 없어 joint count를 산출하지 않음; 주변비율 독립곱 금지,kr-v0.2.1,RUN-P2-20260824T170416Z
ASSOC-DOM-08-DOM-18,DOM-08,DOM-18,person,10827.047196554784,243.7954978531527,0.03637293296774951,0.40158562917192336,0.0,0.012146005707785472,0.03866147610927852,0.8315282254862169,weighted_same_synthetic_person_joint,false,Nemotron 합성 내러티브 keyword joint와 공식 성인 보정가중치를 사용한 탐색적 의존성 프록시; 실재 개인 관측 아님,kr-v0.2.1,RUN-P2-20260824T170416Z
ASSOC-DOM-08-DOM-19,DOM-08,DOM-19,cross_unit,,,,,,,,,not_estimable_unit_guard,false,person와 household의 검증된 entity link가 없어 joint count를 산출하지 않음; 주변비율 독립곱 금지,kr-v0.2.1,RUN-P2-20260824T170416Z
ASSOC-DOM-08-DOM-20,DOM-08,DOM-20,person,4252.551677368194,96.96975332030553,0.03637293296774951,0.20543089043783516,0.0,0.004770600516307208,0.030723906813638655,0.6384530705837261,weighted_same_synthetic_person_joint,false,Nemotron 합성 내러티브 keyword joint와 공식 성인 보정가중치를 사용한 탐색적 의존성 프록시; 실재 개인 관측 아님,kr-v0.2.1,RUN-P2-20260824T170416Z
ASSOC-DOM-08-DOM-21,DOM-08,DOM-21,person,9385.546236909038,208.77689991191116,0.03637293296774951,0.31289197055559875,0.0,0.010528900086484888,0.0369410389236983,0.9251459753137263,weighted_same_synthetic_person_joint,false,Nemotron 합성 내러티브 keyword joint와 공식 성인 보정가중치를 사용한 탐색적 의존성 프록시; 실재 개인 관측 아님,kr-v0.2.1,RUN-P2-20260824T170416Z
ASSOC-DOM-08-DOM-22,DOM-08,DOM-22,person,2430.8443657744715,52.96850181738051,0.03637293296774951,0.0384209530987867,0.0,0.0027269715376164513,0.028448463799211815,1.9513453990446756,weighted_same_synthetic_person_joint,false,Nemotron 합성 내러티브 keyword joint와 공식 성인 보정가중치를 사용한 탐색적 의존성 프록시; 실재 개인 관측 아님,kr-v0.2.1,RUN-P2-20260824T170416Z
ASSOC-DOM-08-DOM-23,DOM-08,DOM-23,person,17846.949422996113,392.6485415834981,0.03637293296774951,0.4200931925662546,0.0,0.02002107736514221,0.04695899996518668,1.3102780857574297,weighted_same_synthetic_person_joint,false,Nemotron 합성 내러티브 keyword joint와 공식 성인 보정가중치를 사용한 탐색적 의존성 프록시; 실재 개인 관측 아님,kr-v0.2.1,RUN-P2-20260824T170416Z
ASSOC-DOM-08-DOM-24,DOM-08,DOM-24,cross_unit,,,,,,,,,not_estimable_unit_guard,false,person와 enterprise의 검증된 entity link가 없어 joint count를 산출하지 않음; 주변비율 독립곱 금지,kr-v0.2.1,RUN-P2-20260824T170416Z
ASSOC-DOM-09-DOM-10,DOM-09,DOM-10,person,76445.54303351315,1719.5654547959152,0.09737445744239172,0.8862602188002495,0.05688425470994063,0.08575819290002414,0.11463213109010764,0.993732089806931,weighted_same_synthetic_person_joint,false,Nemotron 합성 내러티브 keyword joint와 공식 성인 보정가중치를 사용한 탐색적 의존성 프록시; 실재 개인 관측 아님,kr-v0.2.1,RUN-P2-20260824T170416Z
ASSOC-DOM-09-DOM-11,DOM-09,DOM-11,person,60917.3878587784,1368.834246511122,0.09737445744239172,0.6587699578107551,0.03984741947085581,0.06833838693079165,0.0968293543907275,1.0653342434954836,weighted_same_synthetic_person_joint,false,Nemotron 합성 내러티브 keyword joint와 공식 성인 보정가중치를 사용한 탐색적 의존성 프록시; 실재 개인 관측 아님,kr-v0.2.1,RUN-P2-20260824T170416Z
ASSOC-DOM-09-DOM-12,DOM-09,DOM-12,person,28979.36800858377,651.4594088635292,0.09737445744239172,0.31174674686114723,0.005055998096539359,0.03250965501954004,0.059963311942540724,1.0709405916733774,weighted_same_synthetic_person_joint,false,Nemotron 합성 내러티브 keyword joint와 공식 성인 보정가중치를 사용한 탐색적 의존성 프록시; 실재 개인 관측 아님,kr-v0.2.1,RUN-P2-20260824T170416Z
ASSOC-DOM-09-DOM-13,DOM-09,DOM-13,cross_unit,,,,,,,,,not_estimable_unit_guard,false,person와 household의 검증된 entity link가 없어 joint count를 산출하지 않음; 주변비율 독립곱 금지,kr-v0.2.1,RUN-P2-20260824T170416Z
ASSOC-DOM-09-DOM-14,DOM-09,DOM-14,cross_unit,,,,,,,,,not_estimable_unit_guard,false,person와 household의 검증된 entity link가 없어 joint count를 산출하지 않음; 주변비율 독립곱 금지,kr-v0.2.1,RUN-P2-20260824T170416Z
ASSOC-DOM-09-DOM-15,DOM-09,DOM-15,person,8673.123472400983,196.84728505081247,0.09737445744239172,0.10901485226975005,0.0,0.009729689479291394,0.03608772368019891,0.9165755300353946,weighted_same_synthetic_person_joint,false,Nemotron 합성 내러티브 keyword joint와 공식 성인 보정가중치를 사용한 탐색적 의존성 프록시; 실재 개인 관측 아님,kr-v0.2.1,RUN-P2-20260824T170416Z
ASSOC-DOM-09-DOM-16,DOM-09,DOM-16,cross_unit,,,,,,,,,not_estimable_unit_guard,false,person와 household의 검증된 entity link가 없어 joint count를 산출하지 않음; 주변비율 독립곱 금지,kr-v0.2.1,RUN-P2-20260824T170416Z
ASSOC-DOM-09-DOM-17,DOM-09,DOM-17,cross_unit,,,,,,,,,not_estimable_unit_guard,false,person와 household의 검증된 entity link가 없어 joint count를 산출하지 않음; 주변비율 독립곱 금지,kr-v0.2.1,RUN-P2-20260824T170416Z
ASSOC-DOM-09-DOM-18,DOM-09,DOM-18,person,39192.98968890669,891.5337475439094,0.09737445744239172,0.40158562917192336,0.016130982472191358,0.043967507282882755,0.07180403209357415,1.124368397002239,weighted_same_synthetic_person_joint,false,Nemotron 합성 내러티브 keyword joint와 공식 성인 보정가중치를 사용한 탐색적 의존성 프록시; 실재 개인 관측 아님,kr-v0.2.1,RUN-P2-20260824T170416Z
ASSOC-DOM-09-DOM-19,DOM-09,DOM-19,cross_unit,,,,,,,,,not_estimable_unit_guard,false,person와 household의 검증된 entity link가 없어 joint count를 산출하지 않음; 주변비율 독립곱 금지,kr-v0.2.1,RUN-P2-20260824T170416Z
ASSOC-DOM-09-DOM-20,DOM-09,DOM-20,person,15032.694707001694,343.9003082377167,0.09737445744239172,0.20543089043783516,0.0,0.016863988158538654,0.04364542850698101,0.8430425388585266,weighted_same_synthetic_person_joint,false,Nemotron 합성 내러티브 keyword joint와 공식 성인 보정가중치를 사용한 탐색적 의존성 프록시; 실재 개인 관측 아님,kr-v0.2.1,RUN-P2-20260824T170416Z
ASSOC-DOM-09-DOM-21,DOM-09,DOM-21,person,24814.791992325383,560.559069831665,0.09737445744239172,0.31289197055559875,0.0005617552694541922,0.027837747421309875,0.05511373957316556,0.9136810566853238,weighted_same_synthetic_person_joint,false,Nemotron 합성 내러티브 keyword joint와 공식 성인 보정가중치를 사용한 탐색적 의존성 프록시; 실재 개인 관측 아님,kr-v0.2.1,RUN-P2-20260824T170416Z
ASSOC-DOM-09-DOM-22,DOM-09,DOM-22,person,4506.400468018501,98.92371325843857,0.09737445744239172,0.0384209530987867,0.0,0.005055373345332483,0.03103657983207601,1.3512635107673214,weighted_same_synthetic_person_joint,false,Nemotron 합성 내러티브 keyword joint와 공식 성인 보정가중치를 사용한 탐색적 의존성 프록시; 실재 개인 관측 아님,kr-v0.2.1,RUN-P2-20260824T170416Z
ASSOC-DOM-09-DOM-23,DOM-09,DOM-23,person,38090.458293355885,848.2458936358639,0.09737445744239172,0.4200931925662546,0.014932513163343895,0.04273066473659423,0.07052881630984456,1.0445974324847593,weighted_same_synthetic_person_joint,false,Nemotron 합성 내러티브 keyword joint와 공식 성인 보정가중치를 사용한 탐색적 의존성 프록시; 실재 개인 관측 아님,kr-v0.2.1,RUN-P2-20260824T170416Z
ASSOC-DOM-09-DOM-24,DOM-09,DOM-24,cross_unit,,,,,,,,,not_estimable_unit_guard,false,person와 enterprise의 검증된 entity link가 없어 joint count를 산출하지 않음; 주변비율 독립곱 금지,kr-v0.2.1,RUN-P2-20260824T170416Z
ASSOC-DOM-10-DOM-11,DOM-10,DOM-11,person,540222.7692581881,12124.937662194308,0.8862602188002495,0.6587699578107551,0.5742728431586962,0.6060330873013596,0.6377933314440231,1.038009419145303,weighted_same_synthetic_person_joint,false,Nemotron 합성 내러티브 keyword joint와 공식 성인 보정가중치를 사용한 탐색적 의존성 프록시; 실재 개인 관측 아님,kr-v0.2.1,RUN-P2-20260824T170416Z
ASSOC-DOM-10-DOM-12,DOM-10,DOM-12,person,248635.79194788495,5584.617274604988,0.8862602188002495,0.31174674686114723,0.24772011651362513,0.2789247791512101,0.3101294417887951,1.0095408848981242,weighted_same_synthetic_person_joint,false,Nemotron 합성 내러티브 keyword joint와 공식 성인 보정가중치를 사용한 탐색적 의존성 프록시; 실재 개인 관측 아님,kr-v0.2.1,RUN-P2-20260824T170416Z
ASSOC-DOM-10-DOM-13,DOM-10,DOM-13,cross_unit,,,,,,,,,not_estimable_unit_guard,false,person와 household의 검증된 entity link가 없어 joint count를 산출하지 않음; 주변비율 독립곱 금지,kr-v0.2.1,RUN-P2-20260824T170416Z
ASSOC-DOM-10-DOM-14,DOM-10,DOM-14,cross_unit,,,,,,,,,not_estimable_unit_guard,false,person와 household의 검증된 entity link가 없어 joint count를 산출하지 않음; 주변비율 독립곱 금지,kr-v0.2.1,RUN-P2-20260824T170416Z
ASSOC-DOM-10-DOM-15,DOM-10,DOM-15,person,84601.49057020266,1906.108109527586,0.8862602188002495,0.10901485226975005,0.06585279103849936,0.09490770370704746,0.12396261637559555,0.982323512854095,weighted_same_synthetic_person_joint,false,Nemotron 합성 내러티브 keyword joint와 공식 성인 보정가중치를 사용한 탐색적 의존성 프록시; 실재 개인 관측 아님,kr-v0.2.1,RUN-P2-20260824T170416Z
ASSOC-DOM-10-DOM-16,DOM-10,DOM-16,cross_unit,,,,,,,,,not_estimable_unit_guard,false,person와 household의 검증된 entity link가 없어 joint count를 산출하지 않음; 주변비율 독립곱 금지,kr-v0.2.1,RUN-P2-20260824T170416Z
ASSOC-DOM-10-DOM-17,DOM-10,DOM-17,cross_unit,,,,,,,,,not_estimable_unit_guard,false,person와 household의 검증된 entity link가 없어 joint count를 산출하지 않음; 주변비율 독립곱 금지,kr-v0.2.1,RUN-P2-20260824T170416Z
ASSOC-DOM-10-DOM-18,DOM-10,DOM-18,person,314490.0627329035,7140.784101956737,0.8862602188002495,0.40158562917192336,0.3211904463114428,0.3528014635616564,0.38441248081187007,0.99126770942713,weighted_same_synthetic_person_joint,false,Nemotron 합성 내러티브 keyword joint와 공식 성인 보정가중치를 사용한 탐색적 의존성 프록시; 실재 개인 관측 아님,kr-v0.2.1,RUN-P2-20260824T170416Z
ASSOC-DOM-10-DOM-19,DOM-10,DOM-19,cross_unit,,,,,,,,,not_estimable_unit_guard,false,person와 household의 검증된 entity link가 없어 joint count를 산출하지 않음; 주변비율 독립곱 금지,kr-v0.2.1,RUN-P2-20260824T170416Z
ASSOC-DOM-10-DOM-20,DOM-10,DOM-20,person,163636.63745816023,3749.8787372719494,0.8862602188002495,0.20543089043783516,0.1532149063048926,0.1835709678260272,0.2139270293471618,1.0082703432835884,weighted_same_synthetic_person_joint,false,Nemotron 합성 내러티브 keyword joint와 공식 성인 보정가중치를 사용한 탐색적 의존성 프록시; 실재 개인 관측 아님,kr-v0.2.1,RUN-P2-20260824T170416Z
ASSOC-DOM-10-DOM-21,DOM-10,DOM-21,person,247734.1951799718,5580.364740564119,0.8862602188002495,0.31289197055559875,0.24671560427902087,0.2779133492303469,0.30911109418167293,1.002198466630926,weighted_same_synthetic_person_joint,false,Nemotron 합성 내러티브 keyword joint와 공식 성인 보정가중치를 사용한 탐색적 의존성 프록시; 실재 개인 관측 아님,kr-v0.2.1,RUN-P2-20260824T170416Z
ASSOC-DOM-10-DOM-22,DOM-10,DOM-22,person,32026.152615880223,704.3549608914735,0.8862602188002495,0.0384209530987867,0.008352743135438545,0.03592760107249446,0.06350245900955037,1.0551126501543302,weighted_same_synthetic_person_joint,false,Nemotron 합성 내러티브 keyword joint와 공식 성인 보정가중치를 사용한 탐색적 의존성 프록시; 실재 개인 관측 아님,kr-v0.2.1,RUN-P2-20260824T170416Z
ASSOC-DOM-10-DOM-23,DOM-10,DOM-23,person,345625.87543284195,7673.074143631203,0.8862602188002495,0.4200931925662546,0.3559893209694155,0.3877302628828905,0.41947120479636546,1.0414125327547745,weighted_same_synthetic_person_joint,false,Nemotron 합성 내러티브 keyword joint와 공식 성인 보정가중치를 사용한 탐색적 의존성 프록시; 실재 개인 관측 아님,kr-v0.2.1,RUN-P2-20260824T170416Z
ASSOC-DOM-10-DOM-24,DOM-10,DOM-24,cross_unit,,,,,,,,,not_estimable_unit_guard,false,person와 enterprise의 검증된 entity link가 없어 joint count를 산출하지 않음; 주변비율 독립곱 금지,kr-v0.2.1,RUN-P2-20260824T170416Z
ASSOC-DOM-11-DOM-12,DOM-11,DOM-12,person,188989.99175281532,4237.879311996806,0.6587699578107551,0.31174674686114723,0.1813579843503395,0.21201288558845982,0.24266778682658013,1.0323489993799975,weighted_same_synthetic_person_joint,false,Nemotron 합성 내러티브 keyword joint와 공식 성인 보정가중치를 사용한 탐색적 의존성 프록시; 실재 개인 관측 아님,kr-v0.2.1,RUN-P2-20260824T170416Z
ASSOC-DOM-11-DOM-13,DOM-11,DOM-13,cross_unit,,,,,,,,,not_estimable_unit_guard,false,person와 household의 검증된 entity link가 없어 joint count를 산출하지 않음; 주변비율 독립곱 금지,kr-v0.2.1,RUN-P2-20260824T170416Z
ASSOC-DOM-11-DOM-14,DOM-11,DOM-14,cross_unit,,,,,,,,,not_estimable_unit_guard,false,person와 household의 검증된 entity link가 없어 joint count를 산출하지 않음; 주변비율 독립곱 금지,kr-v0.2.1,RUN-P2-20260824T170416Z
ASSOC-DOM-11-DOM-15,DOM-11,DOM-15,person,65566.36730239802,1475.5013653511119,0.6587699578107551,0.10901485226975005,0.044942132406103334,0.07355370832290206,0.10216528423970078,1.0242008148545156,weighted_same_synthetic_person_joint,false,Nemotron 합성 내러티브 keyword joint와 공식 성인 보정가중치를 사용한 탐색적 의존성 프록시; 실재 개인 관측 아님,kr-v0.2.1,RUN-P2-20260824T170416Z
ASSOC-DOM-11-DOM-16,DOM-11,DOM-16,cross_unit,,,,,,,,,not_estimable_unit_guard,false,person와 household의 검증된 entity link가 없어 joint count를 산출하지 않음; 주변비율 독립곱 금지,kr-v0.2.1,RUN-P2-20260824T170416Z
ASSOC-DOM-11-DOM-17,DOM-11,DOM-17,cross_unit,,,,,,,,,not_estimable_unit_guard,false,person와 household의 검증된 entity link가 없어 joint count를 산출하지 않음; 주변비율 독립곱 금지,kr-v0.2.1,RUN-P2-20260824T170416Z
ASSOC-DOM-11-DOM-18,DOM-11,DOM-18,person,230615.64269262657,5232.108392600121,0.6587699578107551,0.40158562917192336,0.2276506295023315,0.25870940262831466,0.2897681757542978,0.97791310118485,weighted_same_synthetic_person_joint,false,Nemotron 합성 내러티브 keyword joint와 공식 성인 보정가중치를 사용한 탐색적 의존성 프록시; 실재 개인 관측 아님,kr-v0.2.1,RUN-P2-20260824T170416Z
ASSOC-DOM-11-DOM-19,DOM-11,DOM-19,cross_unit,,,,,,,,,not_estimable_unit_guard,false,person와 household의 검증된 entity link가 없어 joint count를 산출하지 않음; 주변비율 독립곱 금지,kr-v0.2.1,RUN-P2-20260824T170416Z
ASSOC-DOM-11-DOM-20,DOM-11,DOM-20,person,119163.88534172713,2729.1612504876853,0.6587699578107551,0.20543089043783516,0.10397228631625977,0.1336805137399853,0.16338874116371083,0.9877989761552707,weighted_same_synthetic_person_joint,false,Nemotron 합성 내러티브 keyword joint와 공식 성인 보정가중치를 사용한 탐색적 의존성 프록시; 실재 개인 관측 아님,kr-v0.2.1,RUN-P2-20260824T170416Z
ASSOC-DOM-11-DOM-21,DOM-11,DOM-21,person,182788.07456346924,4109.739670672141,0.6587699578107551,0.31289197055559875,0.1744696075098663,0.20505544648124133,0.23564128545261637,0.9948167867842407,weighted_same_synthetic_person_joint,false,Nemotron 합성 내러티브 keyword joint와 공식 성인 보정가중치를 사용한 탐색적 의존성 프록시; 실재 개인 관측 아님,kr-v0.2.1,RUN-P2-20260824T170416Z
ASSOC-DOM-11-DOM-22,DOM-11,DOM-22,person,23771.782380556186,521.541207655889,0.6587699578107551,0.0384209530987867,0.0,0.026667677644403864,0.0538966645094917,1.05361823187426,weighted_same_synthetic_person_joint,false,Nemotron 합성 내러티브 keyword joint와 공식 성인 보정가중치를 사용한 탐색적 의존성 프록시; 실재 개인 관측 아님,kr-v0.2.1,RUN-P2-20260824T170416Z
ASSOC-DOM-11-DOM-23,DOM-11,DOM-23,person,267496.2419047229,5932.976410761627,0.6587699578107551,0.4200931925662546,0.26874225341180086,0.30008282239868483,0.3314233913855688,1.0843305810447996,weighted_same_synthetic_person_joint,false,Nemotron 합성 내러티브 keyword joint와 공식 성인 보정가중치를 사용한 탐색적 의존성 프록시; 실재 개인 관측 아님,kr-v0.2.1,RUN-P2-20260824T170416Z
ASSOC-DOM-11-DOM-24,DOM-11,DOM-24,cross_unit,,,,,,,,,not_estimable_unit_guard,false,person와 enterprise의 검증된 entity link가 없어 joint count를 산출하지 않음; 주변비율 독립곱 금지,kr-v0.2.1,RUN-P2-20260824T170416Z
ASSOC-DOM-12-DOM-13,DOM-12,DOM-13,cross_unit,,,,,,,,,not_estimable_unit_guard,false,person와 household의 검증된 entity link가 없어 joint count를 산출하지 않음; 주변비율 독립곱 금지,kr-v0.2.1,RUN-P2-20260824T170416Z
ASSOC-DOM-12-DOM-14,DOM-12,DOM-14,cross_unit,,,,,,,,,not_estimable_unit_guard,false,person와 household의 검증된 entity link가 없어 joint count를 산출하지 않음; 주변비율 독립곱 금지,kr-v0.2.1,RUN-P2-20260824T170416Z
ASSOC-DOM-12-DOM-15,DOM-12,DOM-15,person,24980.575382505303,562.4128427503163,0.31174674686114723,0.10901485226975005,0.0007403628478014172,0.02802372666078545,0.055307090473769485,0.8245904248542419,weighted_same_synthetic_person_joint,false,Nemotron 합성 내러티브 keyword joint와 공식 성인 보정가중치를 사용한 탐색적 의존성 프록시; 실재 개인 관측 아님,kr-v0.2.1,RUN-P2-20260824T170416Z
ASSOC-DOM-12-DOM-16,DOM-12,DOM-16,cross_unit,,,,,,,,,not_estimable_unit_guard,false,person와 household의 검증된 entity link가 없어 joint count를 산출하지 않음; 주변비율 독립곱 금지,kr-v0.2.1,RUN-P2-20260824T170416Z
ASSOC-DOM-12-DOM-17,DOM-12,DOM-17,cross_unit,,,,,,,,,not_estimable_unit_guard,false,person와 household의 검증된 entity link가 없어 joint count를 산출하지 않음; 주변비율 독립곱 금지,kr-v0.2.1,RUN-P2-20260824T170416Z
ASSOC-DOM-12-DOM-18,DOM-12,DOM-18,person,105314.66481340674,2391.3685561494895,0.31174674686114723,0.40158562917192336,0.08867847410187604,0.11814417141768664,0.14760986873349724,0.9436962026323977,weighted_same_synthetic_person_joint,false,Nemotron 합성 내러티브 keyword joint와 공식 성인 보정가중치를 사용한 탐색적 의존성 프록시; 실재 개인 관측 아님,kr-v0.2.1,RUN-P2-20260824T170416Z
ASSOC-DOM-12-DOM-19,DOM-12,DOM-19,cross_unit,,,,,,,,,not_estimable_unit_guard,false,person와 household의 검증된 entity link가 없어 joint count를 산출하지 않음; 주변비율 독립곱 금지,kr-v0.2.1,RUN-P2-20260824T170416Z
ASSOC-DOM-12-DOM-20,DOM-12,DOM-20,person,53277.22155543434,1220.6577331941503,0.31174674686114723,0.20543089043783516,0.031487787475777546,0.05976749019004633,0.08804719290431512,0.9332485849819492,weighted_same_synthetic_person_joint,false,Nemotron 합성 내러티브 keyword joint와 공식 성인 보정가중치를 사용한 탐색적 의존성 프록시; 실재 개인 관측 아님,kr-v0.2.1,RUN-P2-20260824T170416Z
ASSOC-DOM-12-DOM-21,DOM-12,DOM-21,person,113539.47650326193,2564.6158419603116,0.31174674686114723,0.31289197055559875,0.09775845706978827,0.1273709354574915,0.15698341384519476,1.3057919586591429,weighted_same_synthetic_person_joint,false,Nemotron 합성 내러티브 keyword joint와 공식 성인 보정가중치를 사용한 탐색적 의존성 프록시; 실재 개인 관측 아님,kr-v0.2.1,RUN-P2-20260824T170416Z
ASSOC-DOM-12-DOM-22,DOM-12,DOM-22,person,15785.120579332939,346.7083984947669,0.31174674686114723,0.0384209530987867,0.0,0.01770807508031072,0.04453277016579716,1.4784317830389546,weighted_same_synthetic_person_joint,false,Nemotron 합성 내러티브 keyword joint와 공식 성인 보정가중치를 사용한 탐색적 의존성 프록시; 실재 개인 관측 아님,kr-v0.2.1,RUN-P2-20260824T170416Z
ASSOC-DOM-12-DOM-23,DOM-12,DOM-23,person,121124.38499188342,2690.3025289147263,0.31174674686114723,0.4200931925662546,0.10613907242168327,0.1358798428376258,0.16562061325356833,1.0375462417633667,weighted_same_synthetic_person_joint,false,Nemotron 합성 내러티브 keyword joint와 공식 성인 보정가중치를 사용한 탐색적 의존성 프록시; 실재 개인 관측 아님,kr-v0.2.1,RUN-P2-20260824T170416Z
ASSOC-DOM-12-DOM-24,DOM-12,DOM-24,cross_unit,,,,,,,,,not_estimable_unit_guard,false,person와 enterprise의 검증된 entity link가 없어 joint count를 산출하지 않음; 주변비율 독립곱 금지,kr-v0.2.1,RUN-P2-20260824T170416Z
ASSOC-DOM-13-DOM-14,DOM-13,DOM-14,household,130043.25457673051,2938.5378439027113,0.6036928447830634,0.2423543125803711,0.11600152528484955,0.1458852153937755,0.17576890550270144,0.9971132797198554,weighted_household_decision_maker_proxy_joint,false,Nemotron 합성 내러티브 keyword joint와 공식 성인 보정가중치를 사용한 탐색적 의존성 프록시; 실재 개인 관측 아님; 동일 synthetic adult를 가구 의사결정자 프록시로 사용하며 household 중복 제거 microdata가 없어 E등급,kr-v0.2.1,RUN-P2-20260824T170416Z
ASSOC-DOM-13-DOM-15,DOM-13,DOM-15,cross_unit,,,,,,,,,not_estimable_unit_guard,false,household와 person의 검증된 entity link가 없어 joint count를 산출하지 않음; 주변비율 독립곱 금지,kr-v0.2.1,RUN-P2-20260824T170416Z
ASSOC-DOM-13-DOM-16,DOM-13,DOM-16,household,182712.6174940887,4113.334982542795,0.6036928447830634,0.3346542590611527,0.17438581394280525,0.20497079717855057,0.2355557804142959,1.0145643670597775,weighted_household_decision_maker_proxy_joint,false,Nemotron 합성 내러티브 keyword joint와 공식 성인 보정가중치를 사용한 탐색적 의존성 프록시; 실재 개인 관측 아님; 동일 synthetic adult를 가구 의사결정자 프록시로 사용하며 household 중복 제거 microdata가 없어 E등급,kr-v0.2.1,RUN-P2-20260824T170416Z
ASSOC-DOM-13-DOM-17,DOM-13,DOM-17,household,289230.887709912,6525.330686431894,0.6036928447830634,0.5349846126956106,0.2929879241480982,0.3244651980560594,0.35594247196402057,1.0046407780583944,weighted_household_decision_maker_proxy_joint,false,Nemotron 합성 내러티브 keyword joint와 공식 성인 보정가중치를 사용한 탐색적 의존성 프록시; 실재 개인 관측 아님; 동일 synthetic adult를 가구 의사결정자 프록시로 사용하며 household 중복 제거 microdata가 없어 E등급,kr-v0.2.1,RUN-P2-20260824T170416Z
ASSOC-DOM-13-DOM-18,DOM-13,DOM-18,cross_unit,,,,,,,,,not_estimable_unit_guard,false,household와 person의 검증된 entity link가 없어 joint count를 산출하지 않음; 주변비율 독립곱 금지,kr-v0.2.1,RUN-P2-20260824T170416Z
ASSOC-DOM-13-DOM-19,DOM-13,DOM-19,household,18767.05158647652,418.67853157087984,0.6036928447830634,0.0391308978418863,0.0,0.02105326702188767,0.04803946995144048,0.8912174011128864,weighted_household_decision_maker_proxy_joint,false,Nemotron 합성 내러티브 keyword joint와 공식 성인 보정가중치를 사용한 탐색적 의존성 프록시; 실재 개인 관측 아님; 동일 synthetic adult를 가구 의사결정자 프록시로 사용하며 household 중복 제거 microdata가 없어 E등급,kr-v0.2.1,RUN-P2-20260824T170416Z
ASSOC-DOM-13-DOM-20,DOM-13,DOM-20,cross_unit,,,,,,,,,not_estimable_unit_guard,false,household와 person의 검증된 entity link가 없어 joint count를 산출하지 않음; 주변비율 독립곱 금지,kr-v0.2.1,RUN-P2-20260824T170416Z
ASSOC-DOM-13-DOM-21,DOM-13,DOM-21,cross_unit,,,,,,,,,not_estimable_unit_guard,false,household와 person의 검증된 entity link가 없어 joint count를 산출하지 않음; 주변비율 독립곱 금지,kr-v0.2.1,RUN-P2-20260824T170416Z
ASSOC-DOM-13-DOM-22,DOM-13,DOM-22,cross_unit,,,,,,,,,not_estimable_unit_guard,false,household와 person의 검증된 entity link가 없어 joint count를 산출하지 않음; 주변비율 독립곱 금지,kr-v0.2.1,RUN-P2-20260824T170416Z
ASSOC-DOM-13-DOM-23,DOM-13,DOM-23,cross_unit,,,,,,,,,not_estimable_unit_guard,false,household와 person의 검증된 entity link가 없어 joint count를 산출하지 않음; 주변비율 독립곱 금지,kr-v0.2.1,RUN-P2-20260824T170416Z
ASSOC-DOM-13-DOM-24,DOM-13,DOM-24,cross_unit,,,,,,,,,not_estimable_unit_guard,false,household와 enterprise의 검증된 entity link가 없어 joint count를 산출하지 않음; 주변비율 독립곱 금지,kr-v0.2.1,RUN-P2-20260824T170416Z
ASSOC-DOM-14-DOM-15,DOM-14,DOM-15,cross_unit,,,,,,,,,not_estimable_unit_guard,false,household와 person의 검증된 entity link가 없어 joint count를 산출하지 않음; 주변비율 독립곱 금지,kr-v0.2.1,RUN-P2-20260824T170416Z
ASSOC-DOM-14-DOM-16,DOM-14,DOM-16,household,71642.60439938409,1604.361103859357,0.2423543125803711,0.3346542590611527,0.051608854299784485,0.08037015690043618,0.10913145950108788,0.9909407942049238,weighted_household_decision_maker_proxy_joint,false,Nemotron 합성 내러티브 keyword joint와 공식 성인 보정가중치를 사용한 탐색적 의존성 프록시; 실재 개인 관측 아님; 동일 synthetic adult를 가구 의사결정자 프록시로 사용하며 household 중복 제거 microdata가 없어 E등급,kr-v0.2.1,RUN-P2-20260824T170416Z
ASSOC-DOM-14-DOM-17,DOM-14,DOM-17,household,113375.12238523214,2549.60404127678,0.2423543125803711,0.5349846126956106,0.09757693392232053,0.12718655960510555,0.15679618528789058,0.9809552066965672,weighted_household_decision_maker_proxy_joint,false,Nemotron 합성 내러티브 keyword joint와 공식 성인 보정가중치를 사용한 탐색적 의존성 프록시; 실재 개인 관측 아님; 동일 synthetic adult를 가구 의사결정자 프록시로 사용하며 household 중복 제거 microdata가 없어 E등급,kr-v0.2.1,RUN-P2-20260824T170416Z
ASSOC-DOM-14-DOM-18,DOM-14,DOM-18,cross_unit,,,,,,,,,not_estimable_unit_guard,false,household와 person의 검증된 entity link가 없어 joint count를 산출하지 않음; 주변비율 독립곱 금지,kr-v0.2.1,RUN-P2-20260824T170416Z
ASSOC-DOM-14-DOM-19,DOM-14,DOM-19,household,9368.301493857429,207.79619769303062,0.2423543125803711,0.0391308978418863,0.0,0.010509554576695224,0.03692040929689415,1.1081887701991204,weighted_household_decision_maker_proxy_joint,false,Nemotron 합성 내러티브 keyword joint와 공식 성인 보정가중치를 사용한 탐색적 의존성 프록시; 실재 개인 관측 아님; 동일 synthetic adult를 가구 의사결정자 프록시로 사용하며 household 중복 제거 microdata가 없어 E등급,kr-v0.2.1,RUN-P2-20260824T170416Z
ASSOC-DOM-14-DOM-20,DOM-14,DOM-20,cross_unit,,,,,,,,,not_estimable_unit_guard,false,household와 person의 검증된 entity link가 없어 joint count를 산출하지 않음; 주변비율 독립곱 금지,kr-v0.2.1,RUN-P2-20260824T170416Z
ASSOC-DOM-14-DOM-21,DOM-14,DOM-21,cross_unit,,,,,,,,,not_estimable_unit_guard,false,household와 person의 검증된 entity link가 없어 joint count를 산출하지 않음; 주변비율 독립곱 금지,kr-v0.2.1,RUN-P2-20260824T170416Z
ASSOC-DOM-14-DOM-22,DOM-14,DOM-22,cross_unit,,,,,,,,,not_estimable_unit_guard,false,household와 person의 검증된 entity link가 없어 joint count를 산출하지 않음; 주변비율 독립곱 금지,kr-v0.2.1,RUN-P2-20260824T170416Z
ASSOC-DOM-14-DOM-23,DOM-14,DOM-23,cross_unit,,,,,,,,,not_estimable_unit_guard,false,household와 person의 검증된 entity link가 없어 joint count를 산출하지 않음; 주변비율 독립곱 금지,kr-v0.2.1,RUN-P2-20260824T170416Z
ASSOC-DOM-14-DOM-24,DOM-14,DOM-24,cross_unit,,,,,,,,,not_estimable_unit_guard,false,household와 enterprise의 검증된 entity link가 없어 joint count를 산출하지 않음; 주변비율 독립곱 금지,kr-v0.2.1,RUN-P2-20260824T170416Z
ASSOC-DOM-15-DOM-16,DOM-15,DOM-16,cross_unit,,,,,,,,,not_estimable_unit_guard,false,person와 household의 검증된 entity link가 없어 joint count를 산출하지 않음; 주변비율 독립곱 금지,kr-v0.2.1,RUN-P2-20260824T170416Z
ASSOC-DOM-15-DOM-17,DOM-15,DOM-17,cross_unit,,,,,,,,,not_estimable_unit_guard,false,person와 household의 검증된 entity link가 없어 joint count를 산출하지 않음; 주변비율 독립곱 금지,kr-v0.2.1,RUN-P2-20260824T170416Z
ASSOC-DOM-15-DOM-18,DOM-15,DOM-18,person,40568.74099307332,924.4245390769332,0.10901485226975005,0.40158562917192336,0.017627304645775704,0.045510853579389,0.07339440251300229,1.03956379844098,weighted_same_synthetic_person_joint,false,Nemotron 합성 내러티브 keyword joint와 공식 성인 보정가중치를 사용한 탐색적 의존성 프록시; 실재 개인 관측 아님,kr-v0.2.1,RUN-P2-20260824T170416Z
ASSOC-DOM-15-DOM-19,DOM-15,DOM-19,cross_unit,,,,,,,,,not_estimable_unit_guard,false,person와 household의 검증된 entity link가 없어 joint count를 산출하지 않음; 주변비율 독립곱 금지,kr-v0.2.1,RUN-P2-20260824T170416Z
ASSOC-DOM-15-DOM-20,DOM-15,DOM-20,person,21252.57653758648,486.8569481908071,0.10901485226975005,0.20543089043783516,0.0,0.02384158037223781,0.05095220990304483,1.0645930353062116,weighted_same_synthetic_person_joint,false,Nemotron 합성 내러티브 keyword joint와 공식 성인 보정가중치를 사용한 탐색적 의존성 프록시; 실재 개인 관측 아님,kr-v0.2.1,RUN-P2-20260824T170416Z
ASSOC-DOM-15-DOM-21,DOM-15,DOM-21,person,29844.836402236462,672.303128862549,0.10901485226975005,0.31289197055559875,0.005991778507705513,0.0334805553821577,0.060969332256609894,0.98155030997071,weighted_same_synthetic_person_joint,false,Nemotron 합성 내러티브 keyword joint와 공식 성인 보정가중치를 사용한 탐색적 의존성 프록시; 실재 개인 관측 아님,kr-v0.2.1,RUN-P2-20260824T170416Z
ASSOC-DOM-15-DOM-22,DOM-15,DOM-22,person,2503.329460206478,54.94524909085609,0.10901485226975005,0.0384209530987867,0.0,0.002808286817278359,0.028540427262699414,0.6704828236191896,weighted_same_synthetic_person_joint,false,Nemotron 합성 내러티브 keyword joint와 공식 성인 보정가중치를 사용한 탐색적 의존성 프록시; 실재 개인 관측 아님,kr-v0.2.1,RUN-P2-20260824T170416Z
ASSOC-DOM-15-DOM-23,DOM-15,DOM-23,person,35457.61409030488,789.115573525089,0.10901485226975005,0.4200931925662546,0.012073209101904594,0.03977708559932557,0.06748096209674655,0.8685636408293317,weighted_same_synthetic_person_joint,false,Nemotron 합성 내러티브 keyword joint와 공식 성인 보정가중치를 사용한 탐색적 의존성 프록시; 실재 개인 관측 아님,kr-v0.2.1,RUN-P2-20260824T170416Z
ASSOC-DOM-15-DOM-24,DOM-15,DOM-24,cross_unit,,,,,,,,,not_estimable_unit_guard,false,person와 enterprise의 검증된 entity link가 없어 joint count를 산출하지 않음; 주변비율 독립곱 금지,kr-v0.2.1,RUN-P2-20260824T170416Z
ASSOC-DOM-16-DOM-17,DOM-16,DOM-17,household,164071.25153090915,3673.390392390463,0.3346542590611527,0.5349846126956106,0.15369695895696409,0.18405852689106686,0.21442009482516963,1.028059603489373,weighted_household_decision_maker_proxy_joint,false,Nemotron 합성 내러티브 keyword joint와 공식 성인 보정가중치를 사용한 탐색적 의존성 프록시; 실재 개인 관측 아님; 동일 synthetic adult를 가구 의사결정자 프록시로 사용하며 household 중복 제거 microdata가 없어 E등급,kr-v0.2.1,RUN-P2-20260824T170416Z
ASSOC-DOM-16-DOM-18,DOM-16,DOM-18,cross_unit,,,,,,,,,not_estimable_unit_guard,false,household와 person의 검증된 entity link가 없어 joint count를 산출하지 않음; 주변비율 독립곱 금지,kr-v0.2.1,RUN-P2-20260824T170416Z
ASSOC-DOM-16-DOM-19,DOM-16,DOM-19,household,10223.523985332256,226.81371118574614,0.3346542590611527,0.0391308978418863,0.0,0.011468960874119059,0.037942092417229636,0.8758059713008594,weighted_household_decision_maker_proxy_joint,false,Nemotron 합성 내러티브 keyword joint와 공식 성인 보정가중치를 사용한 탐색적 의존성 프록시; 실재 개인 관측 아님; 동일 synthetic adult를 가구 의사결정자 프록시로 사용하며 household 중복 제거 microdata가 없어 E등급,kr-v0.2.1,RUN-P2-20260824T170416Z
ASSOC-DOM-16-DOM-20,DOM-16,DOM-20,cross_unit,,,,,,,,,not_estimable_unit_guard,false,household와 person의 검증된 entity link가 없어 joint count를 산출하지 않음; 주변비율 독립곱 금지,kr-v0.2.1,RUN-P2-20260824T170416Z
ASSOC-DOM-16-DOM-21,DOM-16,DOM-21,cross_unit,,,,,,,,,not_estimable_unit_guard,false,household와 person의 검증된 entity link가 없어 joint count를 산출하지 않음; 주변비율 독립곱 금지,kr-v0.2.1,RUN-P2-20260824T170416Z
ASSOC-DOM-16-DOM-22,DOM-16,DOM-22,cross_unit,,,,,,,,,not_estimable_unit_guard,false,household와 person의 검증된 entity link가 없어 joint count를 산출하지 않음; 주변비율 독립곱 금지,kr-v0.2.1,RUN-P2-20260824T170416Z
ASSOC-DOM-16-DOM-23,DOM-16,DOM-23,cross_unit,,,,,,,,,not_estimable_unit_guard,false,household와 person의 검증된 entity link가 없어 joint count를 산출하지 않음; 주변비율 독립곱 금지,kr-v0.2.1,RUN-P2-20260824T170416Z
ASSOC-DOM-16-DOM-24,DOM-16,DOM-24,cross_unit,,,,,,,,,not_estimable_unit_guard,false,household와 enterprise의 검증된 entity link가 없어 joint count를 산출하지 않음; 주변비율 독립곱 금지,kr-v0.2.1,RUN-P2-20260824T170416Z
ASSOC-DOM-17-DOM-18,DOM-17,DOM-18,cross_unit,,,,,,,,,not_estimable_unit_guard,false,household와 person의 검증된 entity link가 없어 joint count를 산출하지 않음; 주변비율 독립곱 금지,kr-v0.2.1,RUN-P2-20260824T170416Z
ASSOC-DOM-17-DOM-19,DOM-17,DOM-19,household,19992.459893886626,444.6216056436505,0.5349846126956106,0.0391308978418863,0.0,0.022427955431937915,0.04947653844451626,1.0713431095138932,weighted_household_decision_maker_proxy_joint,false,Nemotron 합성 내러티브 keyword joint와 공식 성인 보정가중치를 사용한 탐색적 의존성 프록시; 실재 개인 관측 아님; 동일 synthetic adult를 가구 의사결정자 프록시로 사용하며 household 중복 제거 microdata가 없어 E등급,kr-v0.2.1,RUN-P2-20260824T170416Z
ASSOC-DOM-17-DOM-20,DOM-17,DOM-20,cross_unit,,,,,,,,,not_estimable_unit_guard,false,household와 person의 검증된 entity link가 없어 joint count를 산출하지 않음; 주변비율 독립곱 금지,kr-v0.2.1,RUN-P2-20260824T170416Z
ASSOC-DOM-17-DOM-21,DOM-17,DOM-21,cross_unit,,,,,,,,,not_estimable_unit_guard,false,household와 person의 검증된 entity link가 없어 joint count를 산출하지 않음; 주변비율 독립곱 금지,kr-v0.2.1,RUN-P2-20260824T170416Z
ASSOC-DOM-17-DOM-22,DOM-17,DOM-22,cross_unit,,,,,,,,,not_estimable_unit_guard,false,household와 person의 검증된 entity link가 없어 joint count를 산출하지 않음; 주변비율 독립곱 금지,kr-v0.2.1,RUN-P2-20260824T170416Z
ASSOC-DOM-17-DOM-23,DOM-17,DOM-23,cross_unit,,,,,,,,,not_estimable_unit_guard,false,household와 person의 검증된 entity link가 없어 joint count를 산출하지 않음; 주변비율 독립곱 금지,kr-v0.2.1,RUN-P2-20260824T170416Z
ASSOC-DOM-17-DOM-24,DOM-17,DOM-24,cross_unit,,,,,,,,,not_estimable_unit_guard,false,household와 enterprise의 검증된 entity link가 없어 joint count를 산출하지 않음; 주변비율 독립곱 금지,kr-v0.2.1,RUN-P2-20260824T170416Z
ASSOC-DOM-18-DOM-19,DOM-18,DOM-19,cross_unit,,,,,,,,,not_estimable_unit_guard,false,person와 household의 검증된 entity link가 없어 joint count를 산출하지 않음; 주변비율 독립곱 금지,kr-v0.2.1,RUN-P2-20260824T170416Z
ASSOC-DOM-18-DOM-20,DOM-18,DOM-20,person,101325.26454906927,2326.4098340315168,0.40158562917192336,0.20543089043783516,0.08427737998086038,0.11366877960479214,0.1430601792287239,1.3778352315420326,weighted_same_synthetic_person_joint,false,Nemotron 합성 내러티브 keyword joint와 공식 성인 보정가중치를 사용한 탐색적 의존성 프록시; 실재 개인 관측 아님,kr-v0.2.1,RUN-P2-20260824T170416Z
ASSOC-DOM-18-DOM-21,DOM-18,DOM-21,person,117009.06517709397,2661.1462249708975,0.40158562917192336,0.31289197055559875,0.10159122310958493,0.13126319186600163,0.16093516062241833,1.0446489668410355,weighted_same_synthetic_person_joint,false,Nemotron 합성 내러티브 keyword joint와 공식 성인 보정가중치를 사용한 탐색적 의존성 프록시; 실재 개인 관측 아님,kr-v0.2.1,RUN-P2-20260824T170416Z
ASSOC-DOM-18-DOM-22,DOM-18,DOM-22,person,9950.635256814934,221.78675894587104,0.40158562917192336,0.0384209530987867,0.0,0.011162828648592563,0.03761639164664562,0.7234823841970951,weighted_same_synthetic_person_joint,false,Nemotron 합성 내러티브 keyword joint와 공식 성인 보정가중치를 사용한 탐색적 의존성 프록시; 실재 개인 관측 아님,kr-v0.2.1,RUN-P2-20260824T170416Z
ASSOC-DOM-18-DOM-23,DOM-18,DOM-23,person,128528.6924966478,2884.109693272274,0.40158562917192336,0.4200931925662546,0.1143261539485734,0.1441861482949146,0.1740461426412558,0.8546725060411516,weighted_same_synthetic_person_joint,false,Nemotron 합성 내러티브 keyword joint와 공식 성인 보정가중치를 사용한 탐색적 의존성 프록시; 실재 개인 관측 아님,kr-v0.2.1,RUN-P2-20260824T170416Z
ASSOC-DOM-18-DOM-24,DOM-18,DOM-24,cross_unit,,,,,,,,,not_estimable_unit_guard,false,person와 enterprise의 검증된 entity link가 없어 joint count를 산출하지 않음; 주변비율 독립곱 금지,kr-v0.2.1,RUN-P2-20260824T170416Z
ASSOC-DOM-19-DOM-20,DOM-19,DOM-20,cross_unit,,,,,,,,,not_estimable_unit_guard,false,household와 person의 검증된 entity link가 없어 joint count를 산출하지 않음; 주변비율 독립곱 금지,kr-v0.2.1,RUN-P2-20260824T170416Z
ASSOC-DOM-19-DOM-21,DOM-19,DOM-21,cross_unit,,,,,,,,,not_estimable_unit_guard,false,household와 person의 검증된 entity link가 없어 joint count를 산출하지 않음; 주변비율 독립곱 금지,kr-v0.2.1,RUN-P2-20260824T170416Z
ASSOC-DOM-19-DOM-22,DOM-19,DOM-22,cross_unit,,,,,,,,,not_estimable_unit_guard,false,household와 person의 검증된 entity link가 없어 joint count를 산출하지 않음; 주변비율 독립곱 금지,kr-v0.2.1,RUN-P2-20260824T170416Z
ASSOC-DOM-19-DOM-23,DOM-19,DOM-23,cross_unit,,,,,,,,,not_estimable_unit_guard,false,household와 person의 검증된 entity link가 없어 joint count를 산출하지 않음; 주변비율 독립곱 금지,kr-v0.2.1,RUN-P2-20260824T170416Z
ASSOC-DOM-19-DOM-24,DOM-19,DOM-24,cross_unit,,,,,,,,,not_estimable_unit_guard,false,household와 enterprise의 검증된 entity link가 없어 joint count를 산출하지 않음; 주변비율 독립곱 금지,kr-v0.2.1,RUN-P2-20260824T170416Z
ASSOC-DOM-20-DOM-21,DOM-20,DOM-21,person,57481.54173850723,1317.6096614754504,0.20543089043783516,0.31289197055559875,0.03608588576195451,0.0644839836174704,0.0928820814729863,1.0032096290319052,weighted_same_synthetic_person_joint,false,Nemotron 합성 내러티브 keyword joint와 공식 성인 보정가중치를 사용한 탐색적 의존성 프록시; 실재 개인 관측 아님,kr-v0.2.1,RUN-P2-20260824T170416Z
ASSOC-DOM-20-DOM-22,DOM-20,DOM-22,person,3252.5642726043197,73.97436383344242,0.20543089043783516,0.0384209530987867,0.0,0.003648793941949569,0.029482984428348354,0.46229101801568223,weighted_same_synthetic_person_joint,false,Nemotron 합성 내러티브 keyword joint와 공식 성인 보정가중치를 사용한 탐색적 의존성 프록시; 실재 개인 관측 아님,kr-v0.2.1,RUN-P2-20260824T170416Z
ASSOC-DOM-20-DOM-23,DOM-20,DOM-23,person,54722.670723361116,1246.420960378314,0.20543089043783516,0.4200931925662546,0.033067997124817915,0.0613890249931401,0.08971005286146227,0.7113434602154799,weighted_same_synthetic_person_joint,false,Nemotron 합성 내러티브 keyword joint와 공식 성인 보정가중치를 사용한 탐색적 의존성 프록시; 실재 개인 관측 아님,kr-v0.2.1,RUN-P2-20260824T170416Z
ASSOC-DOM-20-DOM-24,DOM-20,DOM-24,cross_unit,,,,,,,,,not_estimable_unit_guard,false,person와 enterprise의 검증된 entity link가 없어 joint count를 산출하지 않음; 주변비율 독립곱 금지,kr-v0.2.1,RUN-P2-20260824T170416Z
ASSOC-DOM-21-DOM-22,DOM-21,DOM-22,person,13316.929545814608,292.69049022185584,0.31289197055559875,0.0384209530987867,0.0,0.014939207277595503,0.04161754606475315,1.2426962864254605,weighted_same_synthetic_person_joint,false,Nemotron 합성 내러티브 keyword joint와 공식 성인 보정가중치를 사용한 탐색적 의존성 프록시; 실재 개인 관측 아님,kr-v0.2.1,RUN-P2-20260824T170416Z
ASSOC-DOM-21-DOM-23,DOM-21,DOM-23,person,109820.15472921907,2439.1857248171837,0.31289197055559875,0.4200931925662546,0.09365138957142566,0.12319852328670221,0.15274565700197876,0.9372715610937011,weighted_same_synthetic_person_joint,false,Nemotron 합성 내러티브 keyword joint와 공식 성인 보정가중치를 사용한 탐색적 의존성 프록시; 실재 개인 관측 아님,kr-v0.2.1,RUN-P2-20260824T170416Z
ASSOC-DOM-21-DOM-24,DOM-21,DOM-24,cross_unit,,,,,,,,,not_estimable_unit_guard,false,person와 enterprise의 검증된 entity link가 없어 joint count를 산출하지 않음; 주변비율 독립곱 금지,kr-v0.2.1,RUN-P2-20260824T170416Z
ASSOC-DOM-22-DOM-23,DOM-22,DOM-23,person,20285.738249430273,443.64295519264283,0.0384209530987867,0.4200931925662546,0.0,0.02275696116320845,0.04982016798465164,1.4099395408647126,weighted_same_synthetic_person_joint,false,Nemotron 합성 내러티브 keyword joint와 공식 성인 보정가중치를 사용한 탐색적 의존성 프록시; 실재 개인 관측 아님,kr-v0.2.1,RUN-P2-20260824T170416Z
ASSOC-DOM-22-DOM-24,DOM-22,DOM-24,cross_unit,,,,,,,,,not_estimable_unit_guard,false,person와 enterprise의 검증된 entity link가 없어 joint count를 산출하지 않음; 주변비율 독립곱 금지,kr-v0.2.1,RUN-P2-20260824T170416Z
ASSOC-DOM-23-DOM-24,DOM-23,DOM-24,cross_unit,,,,,,,,,not_estimable_unit_guard,false,person와 enterprise의 검증된 entity link가 없어 joint count를 산출하지 않음; 주변비율 독립곱 금지,kr-v0.2.1,RUN-P2-20260824T170416Z
