behavior_template_id,domain_id,behavior_code,name_ko,definition,rule_json,targetability_class,evidence_status
DOM-01-BEH-01,DOM-01,music_audio.behavior_01,음악·오디오 반복 핵심 이용,frequency_intensity에서 '거의 매일' 상태를 보이는 관측·선언 기반 행동 템플릿,"{""feature"":""music_audio.frequency_intensity"",""op"":""eq"",""value"":""거의 매일""}",proxy_targetable,template_not_population_estimate
DOM-01-BEH-02,DOM-01,music_audio.behavior_02,음악·오디오 주간 정기 이용,frequency_intensity에서 '주 1–4회' 상태를 보이는 관측·선언 기반 행동 템플릿,"{""feature"":""music_audio.frequency_intensity"",""op"":""eq"",""value"":""주 1–4회""}",proxy_targetable,template_not_population_estimate
DOM-01-BEH-03,DOM-01,music_audio.behavior_03,음악·오디오 직접 검색 탐색,discovery에서 '직접 검색' 상태를 보이는 관측·선언 기반 행동 템플릿,"{""feature"":""music_audio.discovery"",""op"":""eq"",""value"":""직접 검색""}",proxy_targetable,template_not_population_estimate
DOM-01-BEH-04,DOM-01,music_audio.behavior_04,음악·오디오 추천 기반 발견,discovery에서 '알고리즘 추천' 상태를 보이는 관측·선언 기반 행동 템플릿,"{""feature"":""music_audio.discovery"",""op"":""eq"",""value"":""알고리즘 추천""}",proxy_targetable,template_not_population_estimate
DOM-01-BEH-05,DOM-01,music_audio.behavior_05,음악·오디오 가족·동료 공동결정,decision_unit에서 '가구 공동' 상태를 보이는 관측·선언 기반 행동 템플릿,"{""feature"":""music_audio.decision_unit"",""op"":""eq"",""value"":""가구 공동""}",proxy_targetable,template_not_population_estimate
DOM-01-BEH-06,DOM-01,music_audio.behavior_06,음악·오디오 플랫폼 중개 접근,acquisition_access에서 '플랫폼 중개' 상태를 보이는 관측·선언 기반 행동 템플릿,"{""feature"":""music_audio.acquisition_access"",""op"":""eq"",""value"":""플랫폼 중개""}",proxy_targetable,template_not_population_estimate
DOM-01-BEH-07,DOM-01,music_audio.behavior_07,음악·오디오 평가·공유 참여,engagement_participation에서 '평가·공유' 상태를 보이는 관측·선언 기반 행동 템플릿,"{""feature"":""music_audio.engagement_participation"",""op"":""eq"",""value"":""평가·공유""}",proxy_targetable,template_not_population_estimate
DOM-01-BEH-08,DOM-01,music_audio.behavior_08,음악·오디오 가격·혜택 전환,loyalty_switching에서 '가격·혜택 전환' 상태를 보이는 관측·선언 기반 행동 템플릿,"{""feature"":""music_audio.loyalty_switching"",""op"":""eq"",""value"":""가격·혜택 전환""}",proxy_targetable,template_not_population_estimate
DOM-01-BEH-09,DOM-01,music_audio.behavior_09,음악·오디오 프리미엄 선택 지출,spending_value에서 '프리미엄·고액' 상태를 보이는 관측·선언 기반 행동 템플릿,"{""feature"":""music_audio.spending_value"",""op"":""eq"",""value"":""프리미엄·고액""}",proxy_targetable,template_not_population_estimate
DOM-01-BEH-10,DOM-01,music_audio.behavior_10,음악·오디오 휴면·이탈 위험,lifecycle_stage에서 '휴면·이탈' 상태를 보이는 관측·선언 기반 행동 템플릿,"{""feature"":""music_audio.lifecycle_stage"",""op"":""eq"",""value"":""휴면·이탈""}",contextual_only,template_not_population_estimate
DOM-02-BEH-01,DOM-02,video_ott.behavior_01,영상·OTT 반복 핵심 이용,frequency_intensity에서 '거의 매일' 상태를 보이는 관측·선언 기반 행동 템플릿,"{""feature"":""video_ott.frequency_intensity"",""op"":""eq"",""value"":""거의 매일""}",proxy_targetable,template_not_population_estimate
DOM-02-BEH-02,DOM-02,video_ott.behavior_02,영상·OTT 주간 정기 이용,frequency_intensity에서 '주 1–4회' 상태를 보이는 관측·선언 기반 행동 템플릿,"{""feature"":""video_ott.frequency_intensity"",""op"":""eq"",""value"":""주 1–4회""}",proxy_targetable,template_not_population_estimate
DOM-02-BEH-03,DOM-02,video_ott.behavior_03,영상·OTT 직접 검색 탐색,discovery에서 '직접 검색' 상태를 보이는 관측·선언 기반 행동 템플릿,"{""feature"":""video_ott.discovery"",""op"":""eq"",""value"":""직접 검색""}",proxy_targetable,template_not_population_estimate
DOM-02-BEH-04,DOM-02,video_ott.behavior_04,영상·OTT 추천 기반 발견,discovery에서 '알고리즘 추천' 상태를 보이는 관측·선언 기반 행동 템플릿,"{""feature"":""video_ott.discovery"",""op"":""eq"",""value"":""알고리즘 추천""}",proxy_targetable,template_not_population_estimate
DOM-02-BEH-05,DOM-02,video_ott.behavior_05,영상·OTT 가족·동료 공동결정,decision_unit에서 '가구 공동' 상태를 보이는 관측·선언 기반 행동 템플릿,"{""feature"":""video_ott.decision_unit"",""op"":""eq"",""value"":""가구 공동""}",proxy_targetable,template_not_population_estimate
DOM-02-BEH-06,DOM-02,video_ott.behavior_06,영상·OTT 플랫폼 중개 접근,acquisition_access에서 '플랫폼 중개' 상태를 보이는 관측·선언 기반 행동 템플릿,"{""feature"":""video_ott.acquisition_access"",""op"":""eq"",""value"":""플랫폼 중개""}",proxy_targetable,template_not_population_estimate
DOM-02-BEH-07,DOM-02,video_ott.behavior_07,영상·OTT 평가·공유 참여,engagement_participation에서 '평가·공유' 상태를 보이는 관측·선언 기반 행동 템플릿,"{""feature"":""video_ott.engagement_participation"",""op"":""eq"",""value"":""평가·공유""}",proxy_targetable,template_not_population_estimate
DOM-02-BEH-08,DOM-02,video_ott.behavior_08,영상·OTT 가격·혜택 전환,loyalty_switching에서 '가격·혜택 전환' 상태를 보이는 관측·선언 기반 행동 템플릿,"{""feature"":""video_ott.loyalty_switching"",""op"":""eq"",""value"":""가격·혜택 전환""}",proxy_targetable,template_not_population_estimate
DOM-02-BEH-09,DOM-02,video_ott.behavior_09,영상·OTT 프리미엄 선택 지출,spending_value에서 '프리미엄·고액' 상태를 보이는 관측·선언 기반 행동 템플릿,"{""feature"":""video_ott.spending_value"",""op"":""eq"",""value"":""프리미엄·고액""}",proxy_targetable,template_not_population_estimate
DOM-02-BEH-10,DOM-02,video_ott.behavior_10,영상·OTT 휴면·이탈 위험,lifecycle_stage에서 '휴면·이탈' 상태를 보이는 관측·선언 기반 행동 템플릿,"{""feature"":""video_ott.lifecycle_stage"",""op"":""eq"",""value"":""휴면·이탈""}",contextual_only,template_not_population_estimate
DOM-03-BEH-01,DOM-03,gaming_esports.behavior_01,게임·e스포츠 반복 핵심 이용,frequency_intensity에서 '거의 매일' 상태를 보이는 관측·선언 기반 행동 템플릿,"{""feature"":""gaming_esports.frequency_intensity"",""op"":""eq"",""value"":""거의 매일""}",proxy_targetable,template_not_population_estimate
DOM-03-BEH-02,DOM-03,gaming_esports.behavior_02,게임·e스포츠 주간 정기 이용,frequency_intensity에서 '주 1–4회' 상태를 보이는 관측·선언 기반 행동 템플릿,"{""feature"":""gaming_esports.frequency_intensity"",""op"":""eq"",""value"":""주 1–4회""}",proxy_targetable,template_not_population_estimate
DOM-03-BEH-03,DOM-03,gaming_esports.behavior_03,게임·e스포츠 직접 검색 탐색,discovery에서 '직접 검색' 상태를 보이는 관측·선언 기반 행동 템플릿,"{""feature"":""gaming_esports.discovery"",""op"":""eq"",""value"":""직접 검색""}",proxy_targetable,template_not_population_estimate
DOM-03-BEH-04,DOM-03,gaming_esports.behavior_04,게임·e스포츠 추천 기반 발견,discovery에서 '알고리즘 추천' 상태를 보이는 관측·선언 기반 행동 템플릿,"{""feature"":""gaming_esports.discovery"",""op"":""eq"",""value"":""알고리즘 추천""}",proxy_targetable,template_not_population_estimate
DOM-03-BEH-05,DOM-03,gaming_esports.behavior_05,게임·e스포츠 가족·동료 공동결정,decision_unit에서 '가구 공동' 상태를 보이는 관측·선언 기반 행동 템플릿,"{""feature"":""gaming_esports.decision_unit"",""op"":""eq"",""value"":""가구 공동""}",proxy_targetable,template_not_population_estimate
DOM-03-BEH-06,DOM-03,gaming_esports.behavior_06,게임·e스포츠 플랫폼 중개 접근,acquisition_access에서 '플랫폼 중개' 상태를 보이는 관측·선언 기반 행동 템플릿,"{""feature"":""gaming_esports.acquisition_access"",""op"":""eq"",""value"":""플랫폼 중개""}",proxy_targetable,template_not_population_estimate
DOM-03-BEH-07,DOM-03,gaming_esports.behavior_07,게임·e스포츠 평가·공유 참여,engagement_participation에서 '평가·공유' 상태를 보이는 관측·선언 기반 행동 템플릿,"{""feature"":""gaming_esports.engagement_participation"",""op"":""eq"",""value"":""평가·공유""}",proxy_targetable,template_not_population_estimate
DOM-03-BEH-08,DOM-03,gaming_esports.behavior_08,게임·e스포츠 가격·혜택 전환,loyalty_switching에서 '가격·혜택 전환' 상태를 보이는 관측·선언 기반 행동 템플릿,"{""feature"":""gaming_esports.loyalty_switching"",""op"":""eq"",""value"":""가격·혜택 전환""}",proxy_targetable,template_not_population_estimate
DOM-03-BEH-09,DOM-03,gaming_esports.behavior_09,게임·e스포츠 프리미엄 선택 지출,spending_value에서 '프리미엄·고액' 상태를 보이는 관측·선언 기반 행동 템플릿,"{""feature"":""gaming_esports.spending_value"",""op"":""eq"",""value"":""프리미엄·고액""}",proxy_targetable,template_not_population_estimate
DOM-03-BEH-10,DOM-03,gaming_esports.behavior_10,게임·e스포츠 휴면·이탈 위험,lifecycle_stage에서 '휴면·이탈' 상태를 보이는 관측·선언 기반 행동 템플릿,"{""feature"":""gaming_esports.lifecycle_stage"",""op"":""eq"",""value"":""휴면·이탈""}",contextual_only,template_not_population_estimate
DOM-04-BEH-01,DOM-04,reading_webtoon.behavior_01,독서·웹툰 반복 핵심 이용,frequency_intensity에서 '거의 매일' 상태를 보이는 관측·선언 기반 행동 템플릿,"{""feature"":""reading_webtoon.frequency_intensity"",""op"":""eq"",""value"":""거의 매일""}",proxy_targetable,template_not_population_estimate
DOM-04-BEH-02,DOM-04,reading_webtoon.behavior_02,독서·웹툰 주간 정기 이용,frequency_intensity에서 '주 1–4회' 상태를 보이는 관측·선언 기반 행동 템플릿,"{""feature"":""reading_webtoon.frequency_intensity"",""op"":""eq"",""value"":""주 1–4회""}",proxy_targetable,template_not_population_estimate
DOM-04-BEH-03,DOM-04,reading_webtoon.behavior_03,독서·웹툰 직접 검색 탐색,discovery에서 '직접 검색' 상태를 보이는 관측·선언 기반 행동 템플릿,"{""feature"":""reading_webtoon.discovery"",""op"":""eq"",""value"":""직접 검색""}",proxy_targetable,template_not_population_estimate
DOM-04-BEH-04,DOM-04,reading_webtoon.behavior_04,독서·웹툰 추천 기반 발견,discovery에서 '알고리즘 추천' 상태를 보이는 관측·선언 기반 행동 템플릿,"{""feature"":""reading_webtoon.discovery"",""op"":""eq"",""value"":""알고리즘 추천""}",proxy_targetable,template_not_population_estimate
DOM-04-BEH-05,DOM-04,reading_webtoon.behavior_05,독서·웹툰 가족·동료 공동결정,decision_unit에서 '가구 공동' 상태를 보이는 관측·선언 기반 행동 템플릿,"{""feature"":""reading_webtoon.decision_unit"",""op"":""eq"",""value"":""가구 공동""}",proxy_targetable,template_not_population_estimate
DOM-04-BEH-06,DOM-04,reading_webtoon.behavior_06,독서·웹툰 플랫폼 중개 접근,acquisition_access에서 '플랫폼 중개' 상태를 보이는 관측·선언 기반 행동 템플릿,"{""feature"":""reading_webtoon.acquisition_access"",""op"":""eq"",""value"":""플랫폼 중개""}",proxy_targetable,template_not_population_estimate
DOM-04-BEH-07,DOM-04,reading_webtoon.behavior_07,독서·웹툰 평가·공유 참여,engagement_participation에서 '평가·공유' 상태를 보이는 관측·선언 기반 행동 템플릿,"{""feature"":""reading_webtoon.engagement_participation"",""op"":""eq"",""value"":""평가·공유""}",proxy_targetable,template_not_population_estimate
DOM-04-BEH-08,DOM-04,reading_webtoon.behavior_08,독서·웹툰 가격·혜택 전환,loyalty_switching에서 '가격·혜택 전환' 상태를 보이는 관측·선언 기반 행동 템플릿,"{""feature"":""reading_webtoon.loyalty_switching"",""op"":""eq"",""value"":""가격·혜택 전환""}",proxy_targetable,template_not_population_estimate
DOM-04-BEH-09,DOM-04,reading_webtoon.behavior_09,독서·웹툰 프리미엄 선택 지출,spending_value에서 '프리미엄·고액' 상태를 보이는 관측·선언 기반 행동 템플릿,"{""feature"":""reading_webtoon.spending_value"",""op"":""eq"",""value"":""프리미엄·고액""}",proxy_targetable,template_not_population_estimate
DOM-04-BEH-10,DOM-04,reading_webtoon.behavior_10,독서·웹툰 휴면·이탈 위험,lifecycle_stage에서 '휴면·이탈' 상태를 보이는 관측·선언 기반 행동 템플릿,"{""feature"":""reading_webtoon.lifecycle_stage"",""op"":""eq"",""value"":""휴면·이탈""}",contextual_only,template_not_population_estimate
DOM-05-BEH-01,DOM-05,culture_events.behavior_01,문화예술·행사 반복 핵심 이용,frequency_intensity에서 '거의 매일' 상태를 보이는 관측·선언 기반 행동 템플릿,"{""feature"":""culture_events.frequency_intensity"",""op"":""eq"",""value"":""거의 매일""}",proxy_targetable,template_not_population_estimate
DOM-05-BEH-02,DOM-05,culture_events.behavior_02,문화예술·행사 주간 정기 이용,frequency_intensity에서 '주 1–4회' 상태를 보이는 관측·선언 기반 행동 템플릿,"{""feature"":""culture_events.frequency_intensity"",""op"":""eq"",""value"":""주 1–4회""}",proxy_targetable,template_not_population_estimate
DOM-05-BEH-03,DOM-05,culture_events.behavior_03,문화예술·행사 직접 검색 탐색,discovery에서 '직접 검색' 상태를 보이는 관측·선언 기반 행동 템플릿,"{""feature"":""culture_events.discovery"",""op"":""eq"",""value"":""직접 검색""}",proxy_targetable,template_not_population_estimate
DOM-05-BEH-04,DOM-05,culture_events.behavior_04,문화예술·행사 추천 기반 발견,discovery에서 '알고리즘 추천' 상태를 보이는 관측·선언 기반 행동 템플릿,"{""feature"":""culture_events.discovery"",""op"":""eq"",""value"":""알고리즘 추천""}",proxy_targetable,template_not_population_estimate
DOM-05-BEH-05,DOM-05,culture_events.behavior_05,문화예술·행사 가족·동료 공동결정,decision_unit에서 '가구 공동' 상태를 보이는 관측·선언 기반 행동 템플릿,"{""feature"":""culture_events.decision_unit"",""op"":""eq"",""value"":""가구 공동""}",proxy_targetable,template_not_population_estimate
DOM-05-BEH-06,DOM-05,culture_events.behavior_06,문화예술·행사 플랫폼 중개 접근,acquisition_access에서 '플랫폼 중개' 상태를 보이는 관측·선언 기반 행동 템플릿,"{""feature"":""culture_events.acquisition_access"",""op"":""eq"",""value"":""플랫폼 중개""}",proxy_targetable,template_not_population_estimate
DOM-05-BEH-07,DOM-05,culture_events.behavior_07,문화예술·행사 평가·공유 참여,engagement_participation에서 '평가·공유' 상태를 보이는 관측·선언 기반 행동 템플릿,"{""feature"":""culture_events.engagement_participation"",""op"":""eq"",""value"":""평가·공유""}",proxy_targetable,template_not_population_estimate
DOM-05-BEH-08,DOM-05,culture_events.behavior_08,문화예술·행사 가격·혜택 전환,loyalty_switching에서 '가격·혜택 전환' 상태를 보이는 관측·선언 기반 행동 템플릿,"{""feature"":""culture_events.loyalty_switching"",""op"":""eq"",""value"":""가격·혜택 전환""}",proxy_targetable,template_not_population_estimate
DOM-05-BEH-09,DOM-05,culture_events.behavior_09,문화예술·행사 프리미엄 선택 지출,spending_value에서 '프리미엄·고액' 상태를 보이는 관측·선언 기반 행동 템플릿,"{""feature"":""culture_events.spending_value"",""op"":""eq"",""value"":""프리미엄·고액""}",proxy_targetable,template_not_population_estimate
DOM-05-BEH-10,DOM-05,culture_events.behavior_10,문화예술·행사 휴면·이탈 위험,lifecycle_stage에서 '휴면·이탈' 상태를 보이는 관측·선언 기반 행동 템플릿,"{""feature"":""culture_events.lifecycle_stage"",""op"":""eq"",""value"":""휴면·이탈""}",contextual_only,template_not_population_estimate
DOM-06-BEH-01,DOM-06,grocery_home_meals.behavior_01,식료품·가정식 반복 핵심 이용,frequency_intensity에서 '거의 매일' 상태를 보이는 관측·선언 기반 행동 템플릿,"{""feature"":""grocery_home_meals.frequency_intensity"",""op"":""eq"",""value"":""거의 매일""}",proxy_targetable,template_not_population_estimate
DOM-06-BEH-02,DOM-06,grocery_home_meals.behavior_02,식료품·가정식 주간 정기 이용,frequency_intensity에서 '주 1–4회' 상태를 보이는 관측·선언 기반 행동 템플릿,"{""feature"":""grocery_home_meals.frequency_intensity"",""op"":""eq"",""value"":""주 1–4회""}",proxy_targetable,template_not_population_estimate
DOM-06-BEH-03,DOM-06,grocery_home_meals.behavior_03,식료품·가정식 직접 검색 탐색,discovery에서 '직접 검색' 상태를 보이는 관측·선언 기반 행동 템플릿,"{""feature"":""grocery_home_meals.discovery"",""op"":""eq"",""value"":""직접 검색""}",proxy_targetable,template_not_population_estimate
DOM-06-BEH-04,DOM-06,grocery_home_meals.behavior_04,식료품·가정식 추천 기반 발견,discovery에서 '알고리즘 추천' 상태를 보이는 관측·선언 기반 행동 템플릿,"{""feature"":""grocery_home_meals.discovery"",""op"":""eq"",""value"":""알고리즘 추천""}",proxy_targetable,template_not_population_estimate
DOM-06-BEH-05,DOM-06,grocery_home_meals.behavior_05,식료품·가정식 가족·동료 공동결정,decision_unit에서 '가구 공동' 상태를 보이는 관측·선언 기반 행동 템플릿,"{""feature"":""grocery_home_meals.decision_unit"",""op"":""eq"",""value"":""가구 공동""}",proxy_targetable,template_not_population_estimate
DOM-06-BEH-06,DOM-06,grocery_home_meals.behavior_06,식료품·가정식 플랫폼 중개 접근,acquisition_access에서 '플랫폼 중개' 상태를 보이는 관측·선언 기반 행동 템플릿,"{""feature"":""grocery_home_meals.acquisition_access"",""op"":""eq"",""value"":""플랫폼 중개""}",proxy_targetable,template_not_population_estimate
DOM-06-BEH-07,DOM-06,grocery_home_meals.behavior_07,식료품·가정식 평가·공유 참여,engagement_participation에서 '평가·공유' 상태를 보이는 관측·선언 기반 행동 템플릿,"{""feature"":""grocery_home_meals.engagement_participation"",""op"":""eq"",""value"":""평가·공유""}",proxy_targetable,template_not_population_estimate
DOM-06-BEH-08,DOM-06,grocery_home_meals.behavior_08,식료품·가정식 가격·혜택 전환,loyalty_switching에서 '가격·혜택 전환' 상태를 보이는 관측·선언 기반 행동 템플릿,"{""feature"":""grocery_home_meals.loyalty_switching"",""op"":""eq"",""value"":""가격·혜택 전환""}",proxy_targetable,template_not_population_estimate
DOM-06-BEH-09,DOM-06,grocery_home_meals.behavior_09,식료품·가정식 프리미엄 선택 지출,spending_value에서 '프리미엄·고액' 상태를 보이는 관측·선언 기반 행동 템플릿,"{""feature"":""grocery_home_meals.spending_value"",""op"":""eq"",""value"":""프리미엄·고액""}",proxy_targetable,template_not_population_estimate
DOM-06-BEH-10,DOM-06,grocery_home_meals.behavior_10,식료품·가정식 휴면·이탈 위험,lifecycle_stage에서 '휴면·이탈' 상태를 보이는 관측·선언 기반 행동 템플릿,"{""feature"":""grocery_home_meals.lifecycle_stage"",""op"":""eq"",""value"":""휴면·이탈""}",contextual_only,template_not_population_estimate
DOM-07-BEH-01,DOM-07,dining_delivery_cafe.behavior_01,외식·배달·카페 반복 핵심 이용,frequency_intensity에서 '거의 매일' 상태를 보이는 관측·선언 기반 행동 템플릿,"{""feature"":""dining_delivery_cafe.frequency_intensity"",""op"":""eq"",""value"":""거의 매일""}",proxy_targetable,template_not_population_estimate
DOM-07-BEH-02,DOM-07,dining_delivery_cafe.behavior_02,외식·배달·카페 주간 정기 이용,frequency_intensity에서 '주 1–4회' 상태를 보이는 관측·선언 기반 행동 템플릿,"{""feature"":""dining_delivery_cafe.frequency_intensity"",""op"":""eq"",""value"":""주 1–4회""}",proxy_targetable,template_not_population_estimate
DOM-07-BEH-03,DOM-07,dining_delivery_cafe.behavior_03,외식·배달·카페 직접 검색 탐색,discovery에서 '직접 검색' 상태를 보이는 관측·선언 기반 행동 템플릿,"{""feature"":""dining_delivery_cafe.discovery"",""op"":""eq"",""value"":""직접 검색""}",proxy_targetable,template_not_population_estimate
DOM-07-BEH-04,DOM-07,dining_delivery_cafe.behavior_04,외식·배달·카페 추천 기반 발견,discovery에서 '알고리즘 추천' 상태를 보이는 관측·선언 기반 행동 템플릿,"{""feature"":""dining_delivery_cafe.discovery"",""op"":""eq"",""value"":""알고리즘 추천""}",proxy_targetable,template_not_population_estimate
DOM-07-BEH-05,DOM-07,dining_delivery_cafe.behavior_05,외식·배달·카페 가족·동료 공동결정,decision_unit에서 '가구 공동' 상태를 보이는 관측·선언 기반 행동 템플릿,"{""feature"":""dining_delivery_cafe.decision_unit"",""op"":""eq"",""value"":""가구 공동""}",proxy_targetable,template_not_population_estimate
DOM-07-BEH-06,DOM-07,dining_delivery_cafe.behavior_06,외식·배달·카페 플랫폼 중개 접근,acquisition_access에서 '플랫폼 중개' 상태를 보이는 관측·선언 기반 행동 템플릿,"{""feature"":""dining_delivery_cafe.acquisition_access"",""op"":""eq"",""value"":""플랫폼 중개""}",proxy_targetable,template_not_population_estimate
DOM-07-BEH-07,DOM-07,dining_delivery_cafe.behavior_07,외식·배달·카페 평가·공유 참여,engagement_participation에서 '평가·공유' 상태를 보이는 관측·선언 기반 행동 템플릿,"{""feature"":""dining_delivery_cafe.engagement_participation"",""op"":""eq"",""value"":""평가·공유""}",proxy_targetable,template_not_population_estimate
DOM-07-BEH-08,DOM-07,dining_delivery_cafe.behavior_08,외식·배달·카페 가격·혜택 전환,loyalty_switching에서 '가격·혜택 전환' 상태를 보이는 관측·선언 기반 행동 템플릿,"{""feature"":""dining_delivery_cafe.loyalty_switching"",""op"":""eq"",""value"":""가격·혜택 전환""}",proxy_targetable,template_not_population_estimate
DOM-07-BEH-09,DOM-07,dining_delivery_cafe.behavior_09,외식·배달·카페 프리미엄 선택 지출,spending_value에서 '프리미엄·고액' 상태를 보이는 관측·선언 기반 행동 템플릿,"{""feature"":""dining_delivery_cafe.spending_value"",""op"":""eq"",""value"":""프리미엄·고액""}",proxy_targetable,template_not_population_estimate
DOM-07-BEH-10,DOM-07,dining_delivery_cafe.behavior_10,외식·배달·카페 휴면·이탈 위험,lifecycle_stage에서 '휴면·이탈' 상태를 보이는 관측·선언 기반 행동 템플릿,"{""feature"":""dining_delivery_cafe.lifecycle_stage"",""op"":""eq"",""value"":""휴면·이탈""}",contextual_only,template_not_population_estimate
DOM-08-BEH-01,DOM-08,fashion_resale.behavior_01,패션·리셀 반복 핵심 이용,frequency_intensity에서 '거의 매일' 상태를 보이는 관측·선언 기반 행동 템플릿,"{""feature"":""fashion_resale.frequency_intensity"",""op"":""eq"",""value"":""거의 매일""}",proxy_targetable,template_not_population_estimate
DOM-08-BEH-02,DOM-08,fashion_resale.behavior_02,패션·리셀 주간 정기 이용,frequency_intensity에서 '주 1–4회' 상태를 보이는 관측·선언 기반 행동 템플릿,"{""feature"":""fashion_resale.frequency_intensity"",""op"":""eq"",""value"":""주 1–4회""}",proxy_targetable,template_not_population_estimate
DOM-08-BEH-03,DOM-08,fashion_resale.behavior_03,패션·리셀 직접 검색 탐색,discovery에서 '직접 검색' 상태를 보이는 관측·선언 기반 행동 템플릿,"{""feature"":""fashion_resale.discovery"",""op"":""eq"",""value"":""직접 검색""}",proxy_targetable,template_not_population_estimate
DOM-08-BEH-04,DOM-08,fashion_resale.behavior_04,패션·리셀 추천 기반 발견,discovery에서 '알고리즘 추천' 상태를 보이는 관측·선언 기반 행동 템플릿,"{""feature"":""fashion_resale.discovery"",""op"":""eq"",""value"":""알고리즘 추천""}",proxy_targetable,template_not_population_estimate
DOM-08-BEH-05,DOM-08,fashion_resale.behavior_05,패션·리셀 가족·동료 공동결정,decision_unit에서 '가구 공동' 상태를 보이는 관측·선언 기반 행동 템플릿,"{""feature"":""fashion_resale.decision_unit"",""op"":""eq"",""value"":""가구 공동""}",proxy_targetable,template_not_population_estimate
DOM-08-BEH-06,DOM-08,fashion_resale.behavior_06,패션·리셀 플랫폼 중개 접근,acquisition_access에서 '플랫폼 중개' 상태를 보이는 관측·선언 기반 행동 템플릿,"{""feature"":""fashion_resale.acquisition_access"",""op"":""eq"",""value"":""플랫폼 중개""}",proxy_targetable,template_not_population_estimate
DOM-08-BEH-07,DOM-08,fashion_resale.behavior_07,패션·리셀 평가·공유 참여,engagement_participation에서 '평가·공유' 상태를 보이는 관측·선언 기반 행동 템플릿,"{""feature"":""fashion_resale.engagement_participation"",""op"":""eq"",""value"":""평가·공유""}",proxy_targetable,template_not_population_estimate
DOM-08-BEH-08,DOM-08,fashion_resale.behavior_08,패션·리셀 가격·혜택 전환,loyalty_switching에서 '가격·혜택 전환' 상태를 보이는 관측·선언 기반 행동 템플릿,"{""feature"":""fashion_resale.loyalty_switching"",""op"":""eq"",""value"":""가격·혜택 전환""}",proxy_targetable,template_not_population_estimate
DOM-08-BEH-09,DOM-08,fashion_resale.behavior_09,패션·리셀 프리미엄 선택 지출,spending_value에서 '프리미엄·고액' 상태를 보이는 관측·선언 기반 행동 템플릿,"{""feature"":""fashion_resale.spending_value"",""op"":""eq"",""value"":""프리미엄·고액""}",proxy_targetable,template_not_population_estimate
DOM-08-BEH-10,DOM-08,fashion_resale.behavior_10,패션·리셀 휴면·이탈 위험,lifecycle_stage에서 '휴면·이탈' 상태를 보이는 관측·선언 기반 행동 템플릿,"{""feature"":""fashion_resale.lifecycle_stage"",""op"":""eq"",""value"":""휴면·이탈""}",contextual_only,template_not_population_estimate
DOM-09-BEH-01,DOM-09,beauty_personal_care.behavior_01,뷰티·개인관리 반복 핵심 이용,frequency_intensity에서 '거의 매일' 상태를 보이는 관측·선언 기반 행동 템플릿,"{""feature"":""beauty_personal_care.frequency_intensity"",""op"":""eq"",""value"":""거의 매일""}",proxy_targetable,template_not_population_estimate
DOM-09-BEH-02,DOM-09,beauty_personal_care.behavior_02,뷰티·개인관리 주간 정기 이용,frequency_intensity에서 '주 1–4회' 상태를 보이는 관측·선언 기반 행동 템플릿,"{""feature"":""beauty_personal_care.frequency_intensity"",""op"":""eq"",""value"":""주 1–4회""}",proxy_targetable,template_not_population_estimate
DOM-09-BEH-03,DOM-09,beauty_personal_care.behavior_03,뷰티·개인관리 직접 검색 탐색,discovery에서 '직접 검색' 상태를 보이는 관측·선언 기반 행동 템플릿,"{""feature"":""beauty_personal_care.discovery"",""op"":""eq"",""value"":""직접 검색""}",proxy_targetable,template_not_population_estimate
DOM-09-BEH-04,DOM-09,beauty_personal_care.behavior_04,뷰티·개인관리 추천 기반 발견,discovery에서 '알고리즘 추천' 상태를 보이는 관측·선언 기반 행동 템플릿,"{""feature"":""beauty_personal_care.discovery"",""op"":""eq"",""value"":""알고리즘 추천""}",proxy_targetable,template_not_population_estimate
DOM-09-BEH-05,DOM-09,beauty_personal_care.behavior_05,뷰티·개인관리 가족·동료 공동결정,decision_unit에서 '가구 공동' 상태를 보이는 관측·선언 기반 행동 템플릿,"{""feature"":""beauty_personal_care.decision_unit"",""op"":""eq"",""value"":""가구 공동""}",proxy_targetable,template_not_population_estimate
DOM-09-BEH-06,DOM-09,beauty_personal_care.behavior_06,뷰티·개인관리 플랫폼 중개 접근,acquisition_access에서 '플랫폼 중개' 상태를 보이는 관측·선언 기반 행동 템플릿,"{""feature"":""beauty_personal_care.acquisition_access"",""op"":""eq"",""value"":""플랫폼 중개""}",proxy_targetable,template_not_population_estimate
DOM-09-BEH-07,DOM-09,beauty_personal_care.behavior_07,뷰티·개인관리 평가·공유 참여,engagement_participation에서 '평가·공유' 상태를 보이는 관측·선언 기반 행동 템플릿,"{""feature"":""beauty_personal_care.engagement_participation"",""op"":""eq"",""value"":""평가·공유""}",proxy_targetable,template_not_population_estimate
DOM-09-BEH-08,DOM-09,beauty_personal_care.behavior_08,뷰티·개인관리 가격·혜택 전환,loyalty_switching에서 '가격·혜택 전환' 상태를 보이는 관측·선언 기반 행동 템플릿,"{""feature"":""beauty_personal_care.loyalty_switching"",""op"":""eq"",""value"":""가격·혜택 전환""}",proxy_targetable,template_not_population_estimate
DOM-09-BEH-09,DOM-09,beauty_personal_care.behavior_09,뷰티·개인관리 프리미엄 선택 지출,spending_value에서 '프리미엄·고액' 상태를 보이는 관측·선언 기반 행동 템플릿,"{""feature"":""beauty_personal_care.spending_value"",""op"":""eq"",""value"":""프리미엄·고액""}",proxy_targetable,template_not_population_estimate
DOM-09-BEH-10,DOM-09,beauty_personal_care.behavior_10,뷰티·개인관리 휴면·이탈 위험,lifecycle_stage에서 '휴면·이탈' 상태를 보이는 관측·선언 기반 행동 템플릿,"{""feature"":""beauty_personal_care.lifecycle_stage"",""op"":""eq"",""value"":""휴면·이탈""}",contextual_only,template_not_population_estimate
DOM-10-BEH-01,DOM-10,travel_hospitality.behavior_01,여행·숙박 반복 핵심 이용,frequency_intensity에서 '거의 매일' 상태를 보이는 관측·선언 기반 행동 템플릿,"{""feature"":""travel_hospitality.frequency_intensity"",""op"":""eq"",""value"":""거의 매일""}",proxy_targetable,template_not_population_estimate
DOM-10-BEH-02,DOM-10,travel_hospitality.behavior_02,여행·숙박 주간 정기 이용,frequency_intensity에서 '주 1–4회' 상태를 보이는 관측·선언 기반 행동 템플릿,"{""feature"":""travel_hospitality.frequency_intensity"",""op"":""eq"",""value"":""주 1–4회""}",proxy_targetable,template_not_population_estimate
DOM-10-BEH-03,DOM-10,travel_hospitality.behavior_03,여행·숙박 직접 검색 탐색,discovery에서 '직접 검색' 상태를 보이는 관측·선언 기반 행동 템플릿,"{""feature"":""travel_hospitality.discovery"",""op"":""eq"",""value"":""직접 검색""}",proxy_targetable,template_not_population_estimate
DOM-10-BEH-04,DOM-10,travel_hospitality.behavior_04,여행·숙박 추천 기반 발견,discovery에서 '알고리즘 추천' 상태를 보이는 관측·선언 기반 행동 템플릿,"{""feature"":""travel_hospitality.discovery"",""op"":""eq"",""value"":""알고리즘 추천""}",proxy_targetable,template_not_population_estimate
DOM-10-BEH-05,DOM-10,travel_hospitality.behavior_05,여행·숙박 가족·동료 공동결정,decision_unit에서 '가구 공동' 상태를 보이는 관측·선언 기반 행동 템플릿,"{""feature"":""travel_hospitality.decision_unit"",""op"":""eq"",""value"":""가구 공동""}",proxy_targetable,template_not_population_estimate
DOM-10-BEH-06,DOM-10,travel_hospitality.behavior_06,여행·숙박 플랫폼 중개 접근,acquisition_access에서 '플랫폼 중개' 상태를 보이는 관측·선언 기반 행동 템플릿,"{""feature"":""travel_hospitality.acquisition_access"",""op"":""eq"",""value"":""플랫폼 중개""}",proxy_targetable,template_not_population_estimate
DOM-10-BEH-07,DOM-10,travel_hospitality.behavior_07,여행·숙박 평가·공유 참여,engagement_participation에서 '평가·공유' 상태를 보이는 관측·선언 기반 행동 템플릿,"{""feature"":""travel_hospitality.engagement_participation"",""op"":""eq"",""value"":""평가·공유""}",proxy_targetable,template_not_population_estimate
DOM-10-BEH-08,DOM-10,travel_hospitality.behavior_08,여행·숙박 가격·혜택 전환,loyalty_switching에서 '가격·혜택 전환' 상태를 보이는 관측·선언 기반 행동 템플릿,"{""feature"":""travel_hospitality.loyalty_switching"",""op"":""eq"",""value"":""가격·혜택 전환""}",proxy_targetable,template_not_population_estimate
DOM-10-BEH-09,DOM-10,travel_hospitality.behavior_09,여행·숙박 프리미엄 선택 지출,spending_value에서 '프리미엄·고액' 상태를 보이는 관측·선언 기반 행동 템플릿,"{""feature"":""travel_hospitality.spending_value"",""op"":""eq"",""value"":""프리미엄·고액""}",proxy_targetable,template_not_population_estimate
DOM-10-BEH-10,DOM-10,travel_hospitality.behavior_10,여행·숙박 휴면·이탈 위험,lifecycle_stage에서 '휴면·이탈' 상태를 보이는 관측·선언 기반 행동 템플릿,"{""feature"":""travel_hospitality.lifecycle_stage"",""op"":""eq"",""value"":""휴면·이탈""}",contextual_only,template_not_population_estimate
DOM-11-BEH-01,DOM-11,sports_outdoor.behavior_01,스포츠·아웃도어 반복 핵심 이용,frequency_intensity에서 '거의 매일' 상태를 보이는 관측·선언 기반 행동 템플릿,"{""feature"":""sports_outdoor.frequency_intensity"",""op"":""eq"",""value"":""거의 매일""}",proxy_targetable,template_not_population_estimate
DOM-11-BEH-02,DOM-11,sports_outdoor.behavior_02,스포츠·아웃도어 주간 정기 이용,frequency_intensity에서 '주 1–4회' 상태를 보이는 관측·선언 기반 행동 템플릿,"{""feature"":""sports_outdoor.frequency_intensity"",""op"":""eq"",""value"":""주 1–4회""}",proxy_targetable,template_not_population_estimate
DOM-11-BEH-03,DOM-11,sports_outdoor.behavior_03,스포츠·아웃도어 직접 검색 탐색,discovery에서 '직접 검색' 상태를 보이는 관측·선언 기반 행동 템플릿,"{""feature"":""sports_outdoor.discovery"",""op"":""eq"",""value"":""직접 검색""}",proxy_targetable,template_not_population_estimate
DOM-11-BEH-04,DOM-11,sports_outdoor.behavior_04,스포츠·아웃도어 추천 기반 발견,discovery에서 '알고리즘 추천' 상태를 보이는 관측·선언 기반 행동 템플릿,"{""feature"":""sports_outdoor.discovery"",""op"":""eq"",""value"":""알고리즘 추천""}",proxy_targetable,template_not_population_estimate
DOM-11-BEH-05,DOM-11,sports_outdoor.behavior_05,스포츠·아웃도어 가족·동료 공동결정,decision_unit에서 '가구 공동' 상태를 보이는 관측·선언 기반 행동 템플릿,"{""feature"":""sports_outdoor.decision_unit"",""op"":""eq"",""value"":""가구 공동""}",proxy_targetable,template_not_population_estimate
DOM-11-BEH-06,DOM-11,sports_outdoor.behavior_06,스포츠·아웃도어 플랫폼 중개 접근,acquisition_access에서 '플랫폼 중개' 상태를 보이는 관측·선언 기반 행동 템플릿,"{""feature"":""sports_outdoor.acquisition_access"",""op"":""eq"",""value"":""플랫폼 중개""}",proxy_targetable,template_not_population_estimate
DOM-11-BEH-07,DOM-11,sports_outdoor.behavior_07,스포츠·아웃도어 평가·공유 참여,engagement_participation에서 '평가·공유' 상태를 보이는 관측·선언 기반 행동 템플릿,"{""feature"":""sports_outdoor.engagement_participation"",""op"":""eq"",""value"":""평가·공유""}",proxy_targetable,template_not_population_estimate
DOM-11-BEH-08,DOM-11,sports_outdoor.behavior_08,스포츠·아웃도어 가격·혜택 전환,loyalty_switching에서 '가격·혜택 전환' 상태를 보이는 관측·선언 기반 행동 템플릿,"{""feature"":""sports_outdoor.loyalty_switching"",""op"":""eq"",""value"":""가격·혜택 전환""}",proxy_targetable,template_not_population_estimate
DOM-11-BEH-09,DOM-11,sports_outdoor.behavior_09,스포츠·아웃도어 프리미엄 선택 지출,spending_value에서 '프리미엄·고액' 상태를 보이는 관측·선언 기반 행동 템플릿,"{""feature"":""sports_outdoor.spending_value"",""op"":""eq"",""value"":""프리미엄·고액""}",proxy_targetable,template_not_population_estimate
DOM-11-BEH-10,DOM-11,sports_outdoor.behavior_10,스포츠·아웃도어 휴면·이탈 위험,lifecycle_stage에서 '휴면·이탈' 상태를 보이는 관측·선언 기반 행동 템플릿,"{""feature"":""sports_outdoor.lifecycle_stage"",""op"":""eq"",""value"":""휴면·이탈""}",contextual_only,template_not_population_estimate
DOM-12-BEH-01,DOM-12,hobbies_creation.behavior_01,취미·창작 반복 핵심 이용,frequency_intensity에서 '거의 매일' 상태를 보이는 관측·선언 기반 행동 템플릿,"{""feature"":""hobbies_creation.frequency_intensity"",""op"":""eq"",""value"":""거의 매일""}",proxy_targetable,template_not_population_estimate
DOM-12-BEH-02,DOM-12,hobbies_creation.behavior_02,취미·창작 주간 정기 이용,frequency_intensity에서 '주 1–4회' 상태를 보이는 관측·선언 기반 행동 템플릿,"{""feature"":""hobbies_creation.frequency_intensity"",""op"":""eq"",""value"":""주 1–4회""}",proxy_targetable,template_not_population_estimate
DOM-12-BEH-03,DOM-12,hobbies_creation.behavior_03,취미·창작 직접 검색 탐색,discovery에서 '직접 검색' 상태를 보이는 관측·선언 기반 행동 템플릿,"{""feature"":""hobbies_creation.discovery"",""op"":""eq"",""value"":""직접 검색""}",proxy_targetable,template_not_population_estimate
DOM-12-BEH-04,DOM-12,hobbies_creation.behavior_04,취미·창작 추천 기반 발견,discovery에서 '알고리즘 추천' 상태를 보이는 관측·선언 기반 행동 템플릿,"{""feature"":""hobbies_creation.discovery"",""op"":""eq"",""value"":""알고리즘 추천""}",proxy_targetable,template_not_population_estimate
DOM-12-BEH-05,DOM-12,hobbies_creation.behavior_05,취미·창작 가족·동료 공동결정,decision_unit에서 '가구 공동' 상태를 보이는 관측·선언 기반 행동 템플릿,"{""feature"":""hobbies_creation.decision_unit"",""op"":""eq"",""value"":""가구 공동""}",proxy_targetable,template_not_population_estimate
DOM-12-BEH-06,DOM-12,hobbies_creation.behavior_06,취미·창작 플랫폼 중개 접근,acquisition_access에서 '플랫폼 중개' 상태를 보이는 관측·선언 기반 행동 템플릿,"{""feature"":""hobbies_creation.acquisition_access"",""op"":""eq"",""value"":""플랫폼 중개""}",proxy_targetable,template_not_population_estimate
DOM-12-BEH-07,DOM-12,hobbies_creation.behavior_07,취미·창작 평가·공유 참여,engagement_participation에서 '평가·공유' 상태를 보이는 관측·선언 기반 행동 템플릿,"{""feature"":""hobbies_creation.engagement_participation"",""op"":""eq"",""value"":""평가·공유""}",proxy_targetable,template_not_population_estimate
DOM-12-BEH-08,DOM-12,hobbies_creation.behavior_08,취미·창작 가격·혜택 전환,loyalty_switching에서 '가격·혜택 전환' 상태를 보이는 관측·선언 기반 행동 템플릿,"{""feature"":""hobbies_creation.loyalty_switching"",""op"":""eq"",""value"":""가격·혜택 전환""}",proxy_targetable,template_not_population_estimate
DOM-12-BEH-09,DOM-12,hobbies_creation.behavior_09,취미·창작 프리미엄 선택 지출,spending_value에서 '프리미엄·고액' 상태를 보이는 관측·선언 기반 행동 템플릿,"{""feature"":""hobbies_creation.spending_value"",""op"":""eq"",""value"":""프리미엄·고액""}",proxy_targetable,template_not_population_estimate
DOM-12-BEH-10,DOM-12,hobbies_creation.behavior_10,취미·창작 휴면·이탈 위험,lifecycle_stage에서 '휴면·이탈' 상태를 보이는 관측·선언 기반 행동 템플릿,"{""feature"":""hobbies_creation.lifecycle_stage"",""op"":""eq"",""value"":""휴면·이탈""}",contextual_only,template_not_population_estimate
DOM-13-BEH-01,DOM-13,pets.behavior_01,반려동물 반복 핵심 이용,frequency_intensity에서 '거의 매일' 상태를 보이는 관측·선언 기반 행동 템플릿,"{""feature"":""pets.frequency_intensity"",""op"":""eq"",""value"":""거의 매일""}",proxy_targetable,template_not_population_estimate
DOM-13-BEH-02,DOM-13,pets.behavior_02,반려동물 주간 정기 이용,frequency_intensity에서 '주 1–4회' 상태를 보이는 관측·선언 기반 행동 템플릿,"{""feature"":""pets.frequency_intensity"",""op"":""eq"",""value"":""주 1–4회""}",proxy_targetable,template_not_population_estimate
DOM-13-BEH-03,DOM-13,pets.behavior_03,반려동물 직접 검색 탐색,discovery에서 '직접 검색' 상태를 보이는 관측·선언 기반 행동 템플릿,"{""feature"":""pets.discovery"",""op"":""eq"",""value"":""직접 검색""}",proxy_targetable,template_not_population_estimate
DOM-13-BEH-04,DOM-13,pets.behavior_04,반려동물 추천 기반 발견,discovery에서 '알고리즘 추천' 상태를 보이는 관측·선언 기반 행동 템플릿,"{""feature"":""pets.discovery"",""op"":""eq"",""value"":""알고리즘 추천""}",proxy_targetable,template_not_population_estimate
DOM-13-BEH-05,DOM-13,pets.behavior_05,반려동물 가족·동료 공동결정,decision_unit에서 '가구 공동' 상태를 보이는 관측·선언 기반 행동 템플릿,"{""feature"":""pets.decision_unit"",""op"":""eq"",""value"":""가구 공동""}",proxy_targetable,template_not_population_estimate
DOM-13-BEH-06,DOM-13,pets.behavior_06,반려동물 플랫폼 중개 접근,acquisition_access에서 '플랫폼 중개' 상태를 보이는 관측·선언 기반 행동 템플릿,"{""feature"":""pets.acquisition_access"",""op"":""eq"",""value"":""플랫폼 중개""}",proxy_targetable,template_not_population_estimate
DOM-13-BEH-07,DOM-13,pets.behavior_07,반려동물 평가·공유 참여,engagement_participation에서 '평가·공유' 상태를 보이는 관측·선언 기반 행동 템플릿,"{""feature"":""pets.engagement_participation"",""op"":""eq"",""value"":""평가·공유""}",proxy_targetable,template_not_population_estimate
DOM-13-BEH-08,DOM-13,pets.behavior_08,반려동물 가격·혜택 전환,loyalty_switching에서 '가격·혜택 전환' 상태를 보이는 관측·선언 기반 행동 템플릿,"{""feature"":""pets.loyalty_switching"",""op"":""eq"",""value"":""가격·혜택 전환""}",proxy_targetable,template_not_population_estimate
DOM-13-BEH-09,DOM-13,pets.behavior_09,반려동물 프리미엄 선택 지출,spending_value에서 '프리미엄·고액' 상태를 보이는 관측·선언 기반 행동 템플릿,"{""feature"":""pets.spending_value"",""op"":""eq"",""value"":""프리미엄·고액""}",proxy_targetable,template_not_population_estimate
DOM-13-BEH-10,DOM-13,pets.behavior_10,반려동물 휴면·이탈 위험,lifecycle_stage에서 '휴면·이탈' 상태를 보이는 관측·선언 기반 행동 템플릿,"{""feature"":""pets.lifecycle_stage"",""op"":""eq"",""value"":""휴면·이탈""}",contextual_only,template_not_population_estimate
DOM-14-BEH-01,DOM-14,housing_home_services.behavior_01,주거·홈서비스 반복 핵심 이용,frequency_intensity에서 '거의 매일' 상태를 보이는 관측·선언 기반 행동 템플릿,"{""feature"":""housing_home_services.frequency_intensity"",""op"":""eq"",""value"":""거의 매일""}",proxy_targetable,template_not_population_estimate
DOM-14-BEH-02,DOM-14,housing_home_services.behavior_02,주거·홈서비스 주간 정기 이용,frequency_intensity에서 '주 1–4회' 상태를 보이는 관측·선언 기반 행동 템플릿,"{""feature"":""housing_home_services.frequency_intensity"",""op"":""eq"",""value"":""주 1–4회""}",proxy_targetable,template_not_population_estimate
DOM-14-BEH-03,DOM-14,housing_home_services.behavior_03,주거·홈서비스 직접 검색 탐색,discovery에서 '직접 검색' 상태를 보이는 관측·선언 기반 행동 템플릿,"{""feature"":""housing_home_services.discovery"",""op"":""eq"",""value"":""직접 검색""}",proxy_targetable,template_not_population_estimate
DOM-14-BEH-04,DOM-14,housing_home_services.behavior_04,주거·홈서비스 추천 기반 발견,discovery에서 '알고리즘 추천' 상태를 보이는 관측·선언 기반 행동 템플릿,"{""feature"":""housing_home_services.discovery"",""op"":""eq"",""value"":""알고리즘 추천""}",proxy_targetable,template_not_population_estimate
DOM-14-BEH-05,DOM-14,housing_home_services.behavior_05,주거·홈서비스 가족·동료 공동결정,decision_unit에서 '가구 공동' 상태를 보이는 관측·선언 기반 행동 템플릿,"{""feature"":""housing_home_services.decision_unit"",""op"":""eq"",""value"":""가구 공동""}",proxy_targetable,template_not_population_estimate
DOM-14-BEH-06,DOM-14,housing_home_services.behavior_06,주거·홈서비스 플랫폼 중개 접근,acquisition_access에서 '플랫폼 중개' 상태를 보이는 관측·선언 기반 행동 템플릿,"{""feature"":""housing_home_services.acquisition_access"",""op"":""eq"",""value"":""플랫폼 중개""}",proxy_targetable,template_not_population_estimate
DOM-14-BEH-07,DOM-14,housing_home_services.behavior_07,주거·홈서비스 평가·공유 참여,engagement_participation에서 '평가·공유' 상태를 보이는 관측·선언 기반 행동 템플릿,"{""feature"":""housing_home_services.engagement_participation"",""op"":""eq"",""value"":""평가·공유""}",proxy_targetable,template_not_population_estimate
DOM-14-BEH-08,DOM-14,housing_home_services.behavior_08,주거·홈서비스 가격·혜택 전환,loyalty_switching에서 '가격·혜택 전환' 상태를 보이는 관측·선언 기반 행동 템플릿,"{""feature"":""housing_home_services.loyalty_switching"",""op"":""eq"",""value"":""가격·혜택 전환""}",proxy_targetable,template_not_population_estimate
DOM-14-BEH-09,DOM-14,housing_home_services.behavior_09,주거·홈서비스 프리미엄 선택 지출,spending_value에서 '프리미엄·고액' 상태를 보이는 관측·선언 기반 행동 템플릿,"{""feature"":""housing_home_services.spending_value"",""op"":""eq"",""value"":""프리미엄·고액""}",proxy_targetable,template_not_population_estimate
DOM-14-BEH-10,DOM-14,housing_home_services.behavior_10,주거·홈서비스 휴면·이탈 위험,lifecycle_stage에서 '휴면·이탈' 상태를 보이는 관측·선언 기반 행동 템플릿,"{""feature"":""housing_home_services.lifecycle_stage"",""op"":""eq"",""value"":""휴면·이탈""}",contextual_only,template_not_population_estimate
DOM-15-BEH-01,DOM-15,mobility_automotive.behavior_01,모빌리티·자동차 반복 핵심 이용,frequency_intensity에서 '거의 매일' 상태를 보이는 관측·선언 기반 행동 템플릿,"{""feature"":""mobility_automotive.frequency_intensity"",""op"":""eq"",""value"":""거의 매일""}",proxy_targetable,template_not_population_estimate
DOM-15-BEH-02,DOM-15,mobility_automotive.behavior_02,모빌리티·자동차 주간 정기 이용,frequency_intensity에서 '주 1–4회' 상태를 보이는 관측·선언 기반 행동 템플릿,"{""feature"":""mobility_automotive.frequency_intensity"",""op"":""eq"",""value"":""주 1–4회""}",proxy_targetable,template_not_population_estimate
DOM-15-BEH-03,DOM-15,mobility_automotive.behavior_03,모빌리티·자동차 직접 검색 탐색,discovery에서 '직접 검색' 상태를 보이는 관측·선언 기반 행동 템플릿,"{""feature"":""mobility_automotive.discovery"",""op"":""eq"",""value"":""직접 검색""}",proxy_targetable,template_not_population_estimate
DOM-15-BEH-04,DOM-15,mobility_automotive.behavior_04,모빌리티·자동차 추천 기반 발견,discovery에서 '알고리즘 추천' 상태를 보이는 관측·선언 기반 행동 템플릿,"{""feature"":""mobility_automotive.discovery"",""op"":""eq"",""value"":""알고리즘 추천""}",proxy_targetable,template_not_population_estimate
DOM-15-BEH-05,DOM-15,mobility_automotive.behavior_05,모빌리티·자동차 가족·동료 공동결정,decision_unit에서 '가구 공동' 상태를 보이는 관측·선언 기반 행동 템플릿,"{""feature"":""mobility_automotive.decision_unit"",""op"":""eq"",""value"":""가구 공동""}",proxy_targetable,template_not_population_estimate
DOM-15-BEH-06,DOM-15,mobility_automotive.behavior_06,모빌리티·자동차 플랫폼 중개 접근,acquisition_access에서 '플랫폼 중개' 상태를 보이는 관측·선언 기반 행동 템플릿,"{""feature"":""mobility_automotive.acquisition_access"",""op"":""eq"",""value"":""플랫폼 중개""}",proxy_targetable,template_not_population_estimate
DOM-15-BEH-07,DOM-15,mobility_automotive.behavior_07,모빌리티·자동차 평가·공유 참여,engagement_participation에서 '평가·공유' 상태를 보이는 관측·선언 기반 행동 템플릿,"{""feature"":""mobility_automotive.engagement_participation"",""op"":""eq"",""value"":""평가·공유""}",proxy_targetable,template_not_population_estimate
DOM-15-BEH-08,DOM-15,mobility_automotive.behavior_08,모빌리티·자동차 가격·혜택 전환,loyalty_switching에서 '가격·혜택 전환' 상태를 보이는 관측·선언 기반 행동 템플릿,"{""feature"":""mobility_automotive.loyalty_switching"",""op"":""eq"",""value"":""가격·혜택 전환""}",proxy_targetable,template_not_population_estimate
DOM-15-BEH-09,DOM-15,mobility_automotive.behavior_09,모빌리티·자동차 프리미엄 선택 지출,spending_value에서 '프리미엄·고액' 상태를 보이는 관측·선언 기반 행동 템플릿,"{""feature"":""mobility_automotive.spending_value"",""op"":""eq"",""value"":""프리미엄·고액""}",proxy_targetable,template_not_population_estimate
DOM-15-BEH-10,DOM-15,mobility_automotive.behavior_10,모빌리티·자동차 휴면·이탈 위험,lifecycle_stage에서 '휴면·이탈' 상태를 보이는 관측·선언 기반 행동 템플릿,"{""feature"":""mobility_automotive.lifecycle_stage"",""op"":""eq"",""value"":""휴면·이탈""}",contextual_only,template_not_population_estimate
DOM-16-BEH-01,DOM-16,education_learning.behavior_01,교육·학습 반복 핵심 이용,frequency_intensity에서 '거의 매일' 상태를 보이는 관측·선언 기반 행동 템플릿,"{""feature"":""education_learning.frequency_intensity"",""op"":""eq"",""value"":""거의 매일""}",proxy_targetable,template_not_population_estimate
DOM-16-BEH-02,DOM-16,education_learning.behavior_02,교육·학습 주간 정기 이용,frequency_intensity에서 '주 1–4회' 상태를 보이는 관측·선언 기반 행동 템플릿,"{""feature"":""education_learning.frequency_intensity"",""op"":""eq"",""value"":""주 1–4회""}",proxy_targetable,template_not_population_estimate
DOM-16-BEH-03,DOM-16,education_learning.behavior_03,교육·학습 직접 검색 탐색,discovery에서 '직접 검색' 상태를 보이는 관측·선언 기반 행동 템플릿,"{""feature"":""education_learning.discovery"",""op"":""eq"",""value"":""직접 검색""}",proxy_targetable,template_not_population_estimate
DOM-16-BEH-04,DOM-16,education_learning.behavior_04,교육·학습 추천 기반 발견,discovery에서 '알고리즘 추천' 상태를 보이는 관측·선언 기반 행동 템플릿,"{""feature"":""education_learning.discovery"",""op"":""eq"",""value"":""알고리즘 추천""}",proxy_targetable,template_not_population_estimate
DOM-16-BEH-05,DOM-16,education_learning.behavior_05,교육·학습 가족·동료 공동결정,decision_unit에서 '가구 공동' 상태를 보이는 관측·선언 기반 행동 템플릿,"{""feature"":""education_learning.decision_unit"",""op"":""eq"",""value"":""가구 공동""}",proxy_targetable,template_not_population_estimate
DOM-16-BEH-06,DOM-16,education_learning.behavior_06,교육·학습 플랫폼 중개 접근,acquisition_access에서 '플랫폼 중개' 상태를 보이는 관측·선언 기반 행동 템플릿,"{""feature"":""education_learning.acquisition_access"",""op"":""eq"",""value"":""플랫폼 중개""}",proxy_targetable,template_not_population_estimate
DOM-16-BEH-07,DOM-16,education_learning.behavior_07,교육·학습 평가·공유 참여,engagement_participation에서 '평가·공유' 상태를 보이는 관측·선언 기반 행동 템플릿,"{""feature"":""education_learning.engagement_participation"",""op"":""eq"",""value"":""평가·공유""}",proxy_targetable,template_not_population_estimate
DOM-16-BEH-08,DOM-16,education_learning.behavior_08,교육·학습 가격·혜택 전환,loyalty_switching에서 '가격·혜택 전환' 상태를 보이는 관측·선언 기반 행동 템플릿,"{""feature"":""education_learning.loyalty_switching"",""op"":""eq"",""value"":""가격·혜택 전환""}",proxy_targetable,template_not_population_estimate
DOM-16-BEH-09,DOM-16,education_learning.behavior_09,교육·학습 프리미엄 선택 지출,spending_value에서 '프리미엄·고액' 상태를 보이는 관측·선언 기반 행동 템플릿,"{""feature"":""education_learning.spending_value"",""op"":""eq"",""value"":""프리미엄·고액""}",proxy_targetable,template_not_population_estimate
DOM-16-BEH-10,DOM-16,education_learning.behavior_10,교육·학습 휴면·이탈 위험,lifecycle_stage에서 '휴면·이탈' 상태를 보이는 관측·선언 기반 행동 템플릿,"{""feature"":""education_learning.lifecycle_stage"",""op"":""eq"",""value"":""휴면·이탈""}",contextual_only,template_not_population_estimate
DOM-17-BEH-01,DOM-17,parenting_childcare.behavior_01,양육·보육 반복 핵심 이용,frequency_intensity에서 '거의 매일' 상태를 보이는 관측·선언 기반 행동 템플릿,"{""feature"":""parenting_childcare.frequency_intensity"",""op"":""eq"",""value"":""거의 매일""}",proxy_targetable,template_not_population_estimate
DOM-17-BEH-02,DOM-17,parenting_childcare.behavior_02,양육·보육 주간 정기 이용,frequency_intensity에서 '주 1–4회' 상태를 보이는 관측·선언 기반 행동 템플릿,"{""feature"":""parenting_childcare.frequency_intensity"",""op"":""eq"",""value"":""주 1–4회""}",proxy_targetable,template_not_population_estimate
DOM-17-BEH-03,DOM-17,parenting_childcare.behavior_03,양육·보육 직접 검색 탐색,discovery에서 '직접 검색' 상태를 보이는 관측·선언 기반 행동 템플릿,"{""feature"":""parenting_childcare.discovery"",""op"":""eq"",""value"":""직접 검색""}",proxy_targetable,template_not_population_estimate
DOM-17-BEH-04,DOM-17,parenting_childcare.behavior_04,양육·보육 추천 기반 발견,discovery에서 '알고리즘 추천' 상태를 보이는 관측·선언 기반 행동 템플릿,"{""feature"":""parenting_childcare.discovery"",""op"":""eq"",""value"":""알고리즘 추천""}",proxy_targetable,template_not_population_estimate
DOM-17-BEH-05,DOM-17,parenting_childcare.behavior_05,양육·보육 가족·동료 공동결정,decision_unit에서 '가구 공동' 상태를 보이는 관측·선언 기반 행동 템플릿,"{""feature"":""parenting_childcare.decision_unit"",""op"":""eq"",""value"":""가구 공동""}",proxy_targetable,template_not_population_estimate
DOM-17-BEH-06,DOM-17,parenting_childcare.behavior_06,양육·보육 플랫폼 중개 접근,acquisition_access에서 '플랫폼 중개' 상태를 보이는 관측·선언 기반 행동 템플릿,"{""feature"":""parenting_childcare.acquisition_access"",""op"":""eq"",""value"":""플랫폼 중개""}",proxy_targetable,template_not_population_estimate
DOM-17-BEH-07,DOM-17,parenting_childcare.behavior_07,양육·보육 평가·공유 참여,engagement_participation에서 '평가·공유' 상태를 보이는 관측·선언 기반 행동 템플릿,"{""feature"":""parenting_childcare.engagement_participation"",""op"":""eq"",""value"":""평가·공유""}",proxy_targetable,template_not_population_estimate
DOM-17-BEH-08,DOM-17,parenting_childcare.behavior_08,양육·보육 가격·혜택 전환,loyalty_switching에서 '가격·혜택 전환' 상태를 보이는 관측·선언 기반 행동 템플릿,"{""feature"":""parenting_childcare.loyalty_switching"",""op"":""eq"",""value"":""가격·혜택 전환""}",proxy_targetable,template_not_population_estimate
DOM-17-BEH-09,DOM-17,parenting_childcare.behavior_09,양육·보육 프리미엄 선택 지출,spending_value에서 '프리미엄·고액' 상태를 보이는 관측·선언 기반 행동 템플릿,"{""feature"":""parenting_childcare.spending_value"",""op"":""eq"",""value"":""프리미엄·고액""}",proxy_targetable,template_not_population_estimate
DOM-17-BEH-10,DOM-17,parenting_childcare.behavior_10,양육·보육 휴면·이탈 위험,lifecycle_stage에서 '휴면·이탈' 상태를 보이는 관측·선언 기반 행동 템플릿,"{""feature"":""parenting_childcare.lifecycle_stage"",""op"":""eq"",""value"":""휴면·이탈""}",contextual_only,template_not_population_estimate
DOM-18-BEH-01,DOM-18,health_wellness_care.behavior_01,건강·웰니스·돌봄 반복 핵심 이용,frequency_intensity에서 '거의 매일' 상태를 보이는 관측·선언 기반 행동 템플릿,"{""feature"":""health_wellness_care.frequency_intensity"",""op"":""eq"",""value"":""거의 매일""}",proxy_targetable,template_not_population_estimate
DOM-18-BEH-02,DOM-18,health_wellness_care.behavior_02,건강·웰니스·돌봄 주간 정기 이용,frequency_intensity에서 '주 1–4회' 상태를 보이는 관측·선언 기반 행동 템플릿,"{""feature"":""health_wellness_care.frequency_intensity"",""op"":""eq"",""value"":""주 1–4회""}",proxy_targetable,template_not_population_estimate
DOM-18-BEH-03,DOM-18,health_wellness_care.behavior_03,건강·웰니스·돌봄 직접 검색 탐색,discovery에서 '직접 검색' 상태를 보이는 관측·선언 기반 행동 템플릿,"{""feature"":""health_wellness_care.discovery"",""op"":""eq"",""value"":""직접 검색""}",proxy_targetable,template_not_population_estimate
DOM-18-BEH-04,DOM-18,health_wellness_care.behavior_04,건강·웰니스·돌봄 추천 기반 발견,discovery에서 '알고리즘 추천' 상태를 보이는 관측·선언 기반 행동 템플릿,"{""feature"":""health_wellness_care.discovery"",""op"":""eq"",""value"":""알고리즘 추천""}",proxy_targetable,template_not_population_estimate
DOM-18-BEH-05,DOM-18,health_wellness_care.behavior_05,건강·웰니스·돌봄 가족·동료 공동결정,decision_unit에서 '가구 공동' 상태를 보이는 관측·선언 기반 행동 템플릿,"{""feature"":""health_wellness_care.decision_unit"",""op"":""eq"",""value"":""가구 공동""}",proxy_targetable,template_not_population_estimate
DOM-18-BEH-06,DOM-18,health_wellness_care.behavior_06,건강·웰니스·돌봄 플랫폼 중개 접근,acquisition_access에서 '플랫폼 중개' 상태를 보이는 관측·선언 기반 행동 템플릿,"{""feature"":""health_wellness_care.acquisition_access"",""op"":""eq"",""value"":""플랫폼 중개""}",proxy_targetable,template_not_population_estimate
DOM-18-BEH-07,DOM-18,health_wellness_care.behavior_07,건강·웰니스·돌봄 평가·공유 참여,engagement_participation에서 '평가·공유' 상태를 보이는 관측·선언 기반 행동 템플릿,"{""feature"":""health_wellness_care.engagement_participation"",""op"":""eq"",""value"":""평가·공유""}",proxy_targetable,template_not_population_estimate
DOM-18-BEH-08,DOM-18,health_wellness_care.behavior_08,건강·웰니스·돌봄 가격·혜택 전환,loyalty_switching에서 '가격·혜택 전환' 상태를 보이는 관측·선언 기반 행동 템플릿,"{""feature"":""health_wellness_care.loyalty_switching"",""op"":""eq"",""value"":""가격·혜택 전환""}",proxy_targetable,template_not_population_estimate
DOM-18-BEH-09,DOM-18,health_wellness_care.behavior_09,건강·웰니스·돌봄 프리미엄 선택 지출,spending_value에서 '프리미엄·고액' 상태를 보이는 관측·선언 기반 행동 템플릿,"{""feature"":""health_wellness_care.spending_value"",""op"":""eq"",""value"":""프리미엄·고액""}",proxy_targetable,template_not_population_estimate
DOM-18-BEH-10,DOM-18,health_wellness_care.behavior_10,건강·웰니스·돌봄 휴면·이탈 위험,lifecycle_stage에서 '휴면·이탈' 상태를 보이는 관측·선언 기반 행동 템플릿,"{""feature"":""health_wellness_care.lifecycle_stage"",""op"":""eq"",""value"":""휴면·이탈""}",contextual_only,template_not_population_estimate
DOM-19-BEH-01,DOM-19,finance_insurance.behavior_01,금융·보험 반복 핵심 이용,frequency_intensity에서 '거의 매일' 상태를 보이는 관측·선언 기반 행동 템플릿,"{""feature"":""finance_insurance.frequency_intensity"",""op"":""eq"",""value"":""거의 매일""}",proxy_targetable,template_not_population_estimate
DOM-19-BEH-02,DOM-19,finance_insurance.behavior_02,금융·보험 주간 정기 이용,frequency_intensity에서 '주 1–4회' 상태를 보이는 관측·선언 기반 행동 템플릿,"{""feature"":""finance_insurance.frequency_intensity"",""op"":""eq"",""value"":""주 1–4회""}",proxy_targetable,template_not_population_estimate
DOM-19-BEH-03,DOM-19,finance_insurance.behavior_03,금융·보험 직접 검색 탐색,discovery에서 '직접 검색' 상태를 보이는 관측·선언 기반 행동 템플릿,"{""feature"":""finance_insurance.discovery"",""op"":""eq"",""value"":""직접 검색""}",proxy_targetable,template_not_population_estimate
DOM-19-BEH-04,DOM-19,finance_insurance.behavior_04,금융·보험 추천 기반 발견,discovery에서 '알고리즘 추천' 상태를 보이는 관측·선언 기반 행동 템플릿,"{""feature"":""finance_insurance.discovery"",""op"":""eq"",""value"":""알고리즘 추천""}",proxy_targetable,template_not_population_estimate
DOM-19-BEH-05,DOM-19,finance_insurance.behavior_05,금융·보험 가족·동료 공동결정,decision_unit에서 '가구 공동' 상태를 보이는 관측·선언 기반 행동 템플릿,"{""feature"":""finance_insurance.decision_unit"",""op"":""eq"",""value"":""가구 공동""}",proxy_targetable,template_not_population_estimate
DOM-19-BEH-06,DOM-19,finance_insurance.behavior_06,금융·보험 플랫폼 중개 접근,acquisition_access에서 '플랫폼 중개' 상태를 보이는 관측·선언 기반 행동 템플릿,"{""feature"":""finance_insurance.acquisition_access"",""op"":""eq"",""value"":""플랫폼 중개""}",proxy_targetable,template_not_population_estimate
DOM-19-BEH-07,DOM-19,finance_insurance.behavior_07,금융·보험 평가·공유 참여,engagement_participation에서 '평가·공유' 상태를 보이는 관측·선언 기반 행동 템플릿,"{""feature"":""finance_insurance.engagement_participation"",""op"":""eq"",""value"":""평가·공유""}",proxy_targetable,template_not_population_estimate
DOM-19-BEH-08,DOM-19,finance_insurance.behavior_08,금융·보험 가격·혜택 전환,loyalty_switching에서 '가격·혜택 전환' 상태를 보이는 관측·선언 기반 행동 템플릿,"{""feature"":""finance_insurance.loyalty_switching"",""op"":""eq"",""value"":""가격·혜택 전환""}",proxy_targetable,template_not_population_estimate
DOM-19-BEH-09,DOM-19,finance_insurance.behavior_09,금융·보험 프리미엄 선택 지출,spending_value에서 '프리미엄·고액' 상태를 보이는 관측·선언 기반 행동 템플릿,"{""feature"":""finance_insurance.spending_value"",""op"":""eq"",""value"":""프리미엄·고액""}",proxy_targetable,template_not_population_estimate
DOM-19-BEH-10,DOM-19,finance_insurance.behavior_10,금융·보험 휴면·이탈 위험,lifecycle_stage에서 '휴면·이탈' 상태를 보이는 관측·선언 기반 행동 템플릿,"{""feature"":""finance_insurance.lifecycle_stage"",""op"":""eq"",""value"":""휴면·이탈""}",contextual_only,template_not_population_estimate
DOM-20-BEH-01,DOM-20,senior_retirement_care.behavior_01,시니어·은퇴·돌봄 반복 핵심 이용,frequency_intensity에서 '거의 매일' 상태를 보이는 관측·선언 기반 행동 템플릿,"{""feature"":""senior_retirement_care.frequency_intensity"",""op"":""eq"",""value"":""거의 매일""}",proxy_targetable,template_not_population_estimate
DOM-20-BEH-02,DOM-20,senior_retirement_care.behavior_02,시니어·은퇴·돌봄 주간 정기 이용,frequency_intensity에서 '주 1–4회' 상태를 보이는 관측·선언 기반 행동 템플릿,"{""feature"":""senior_retirement_care.frequency_intensity"",""op"":""eq"",""value"":""주 1–4회""}",proxy_targetable,template_not_population_estimate
DOM-20-BEH-03,DOM-20,senior_retirement_care.behavior_03,시니어·은퇴·돌봄 직접 검색 탐색,discovery에서 '직접 검색' 상태를 보이는 관측·선언 기반 행동 템플릿,"{""feature"":""senior_retirement_care.discovery"",""op"":""eq"",""value"":""직접 검색""}",proxy_targetable,template_not_population_estimate
DOM-20-BEH-04,DOM-20,senior_retirement_care.behavior_04,시니어·은퇴·돌봄 추천 기반 발견,discovery에서 '알고리즘 추천' 상태를 보이는 관측·선언 기반 행동 템플릿,"{""feature"":""senior_retirement_care.discovery"",""op"":""eq"",""value"":""알고리즘 추천""}",proxy_targetable,template_not_population_estimate
DOM-20-BEH-05,DOM-20,senior_retirement_care.behavior_05,시니어·은퇴·돌봄 가족·동료 공동결정,decision_unit에서 '가구 공동' 상태를 보이는 관측·선언 기반 행동 템플릿,"{""feature"":""senior_retirement_care.decision_unit"",""op"":""eq"",""value"":""가구 공동""}",proxy_targetable,template_not_population_estimate
DOM-20-BEH-06,DOM-20,senior_retirement_care.behavior_06,시니어·은퇴·돌봄 플랫폼 중개 접근,acquisition_access에서 '플랫폼 중개' 상태를 보이는 관측·선언 기반 행동 템플릿,"{""feature"":""senior_retirement_care.acquisition_access"",""op"":""eq"",""value"":""플랫폼 중개""}",proxy_targetable,template_not_population_estimate
DOM-20-BEH-07,DOM-20,senior_retirement_care.behavior_07,시니어·은퇴·돌봄 평가·공유 참여,engagement_participation에서 '평가·공유' 상태를 보이는 관측·선언 기반 행동 템플릿,"{""feature"":""senior_retirement_care.engagement_participation"",""op"":""eq"",""value"":""평가·공유""}",proxy_targetable,template_not_population_estimate
DOM-20-BEH-08,DOM-20,senior_retirement_care.behavior_08,시니어·은퇴·돌봄 가격·혜택 전환,loyalty_switching에서 '가격·혜택 전환' 상태를 보이는 관측·선언 기반 행동 템플릿,"{""feature"":""senior_retirement_care.loyalty_switching"",""op"":""eq"",""value"":""가격·혜택 전환""}",proxy_targetable,template_not_population_estimate
DOM-20-BEH-09,DOM-20,senior_retirement_care.behavior_09,시니어·은퇴·돌봄 프리미엄 선택 지출,spending_value에서 '프리미엄·고액' 상태를 보이는 관측·선언 기반 행동 템플릿,"{""feature"":""senior_retirement_care.spending_value"",""op"":""eq"",""value"":""프리미엄·고액""}",proxy_targetable,template_not_population_estimate
DOM-20-BEH-10,DOM-20,senior_retirement_care.behavior_10,시니어·은퇴·돌봄 휴면·이탈 위험,lifecycle_stage에서 '휴면·이탈' 상태를 보이는 관측·선언 기반 행동 템플릿,"{""feature"":""senior_retirement_care.lifecycle_stage"",""op"":""eq"",""value"":""휴면·이탈""}",contextual_only,template_not_population_estimate
DOM-21-BEH-01,DOM-21,digital_devices_ai.behavior_01,디지털기기·AI 반복 핵심 이용,frequency_intensity에서 '거의 매일' 상태를 보이는 관측·선언 기반 행동 템플릿,"{""feature"":""digital_devices_ai.frequency_intensity"",""op"":""eq"",""value"":""거의 매일""}",proxy_targetable,template_not_population_estimate
DOM-21-BEH-02,DOM-21,digital_devices_ai.behavior_02,디지털기기·AI 주간 정기 이용,frequency_intensity에서 '주 1–4회' 상태를 보이는 관측·선언 기반 행동 템플릿,"{""feature"":""digital_devices_ai.frequency_intensity"",""op"":""eq"",""value"":""주 1–4회""}",proxy_targetable,template_not_population_estimate
DOM-21-BEH-03,DOM-21,digital_devices_ai.behavior_03,디지털기기·AI 직접 검색 탐색,discovery에서 '직접 검색' 상태를 보이는 관측·선언 기반 행동 템플릿,"{""feature"":""digital_devices_ai.discovery"",""op"":""eq"",""value"":""직접 검색""}",proxy_targetable,template_not_population_estimate
DOM-21-BEH-04,DOM-21,digital_devices_ai.behavior_04,디지털기기·AI 추천 기반 발견,discovery에서 '알고리즘 추천' 상태를 보이는 관측·선언 기반 행동 템플릿,"{""feature"":""digital_devices_ai.discovery"",""op"":""eq"",""value"":""알고리즘 추천""}",proxy_targetable,template_not_population_estimate
DOM-21-BEH-05,DOM-21,digital_devices_ai.behavior_05,디지털기기·AI 가족·동료 공동결정,decision_unit에서 '가구 공동' 상태를 보이는 관측·선언 기반 행동 템플릿,"{""feature"":""digital_devices_ai.decision_unit"",""op"":""eq"",""value"":""가구 공동""}",proxy_targetable,template_not_population_estimate
DOM-21-BEH-06,DOM-21,digital_devices_ai.behavior_06,디지털기기·AI 플랫폼 중개 접근,acquisition_access에서 '플랫폼 중개' 상태를 보이는 관측·선언 기반 행동 템플릿,"{""feature"":""digital_devices_ai.acquisition_access"",""op"":""eq"",""value"":""플랫폼 중개""}",proxy_targetable,template_not_population_estimate
DOM-21-BEH-07,DOM-21,digital_devices_ai.behavior_07,디지털기기·AI 평가·공유 참여,engagement_participation에서 '평가·공유' 상태를 보이는 관측·선언 기반 행동 템플릿,"{""feature"":""digital_devices_ai.engagement_participation"",""op"":""eq"",""value"":""평가·공유""}",proxy_targetable,template_not_population_estimate
DOM-21-BEH-08,DOM-21,digital_devices_ai.behavior_08,디지털기기·AI 가격·혜택 전환,loyalty_switching에서 '가격·혜택 전환' 상태를 보이는 관측·선언 기반 행동 템플릿,"{""feature"":""digital_devices_ai.loyalty_switching"",""op"":""eq"",""value"":""가격·혜택 전환""}",proxy_targetable,template_not_population_estimate
DOM-21-BEH-09,DOM-21,digital_devices_ai.behavior_09,디지털기기·AI 프리미엄 선택 지출,spending_value에서 '프리미엄·고액' 상태를 보이는 관측·선언 기반 행동 템플릿,"{""feature"":""digital_devices_ai.spending_value"",""op"":""eq"",""value"":""프리미엄·고액""}",proxy_targetable,template_not_population_estimate
DOM-21-BEH-10,DOM-21,digital_devices_ai.behavior_10,디지털기기·AI 휴면·이탈 위험,lifecycle_stage에서 '휴면·이탈' 상태를 보이는 관측·선언 기반 행동 템플릿,"{""feature"":""digital_devices_ai.lifecycle_stage"",""op"":""eq"",""value"":""휴면·이탈""}",contextual_only,template_not_population_estimate
DOM-22-BEH-01,DOM-22,social_creator.behavior_01,소셜·크리에이터 반복 핵심 이용,frequency_intensity에서 '거의 매일' 상태를 보이는 관측·선언 기반 행동 템플릿,"{""feature"":""social_creator.frequency_intensity"",""op"":""eq"",""value"":""거의 매일""}",proxy_targetable,template_not_population_estimate
DOM-22-BEH-02,DOM-22,social_creator.behavior_02,소셜·크리에이터 주간 정기 이용,frequency_intensity에서 '주 1–4회' 상태를 보이는 관측·선언 기반 행동 템플릿,"{""feature"":""social_creator.frequency_intensity"",""op"":""eq"",""value"":""주 1–4회""}",proxy_targetable,template_not_population_estimate
DOM-22-BEH-03,DOM-22,social_creator.behavior_03,소셜·크리에이터 직접 검색 탐색,discovery에서 '직접 검색' 상태를 보이는 관측·선언 기반 행동 템플릿,"{""feature"":""social_creator.discovery"",""op"":""eq"",""value"":""직접 검색""}",proxy_targetable,template_not_population_estimate
DOM-22-BEH-04,DOM-22,social_creator.behavior_04,소셜·크리에이터 추천 기반 발견,discovery에서 '알고리즘 추천' 상태를 보이는 관측·선언 기반 행동 템플릿,"{""feature"":""social_creator.discovery"",""op"":""eq"",""value"":""알고리즘 추천""}",proxy_targetable,template_not_population_estimate
DOM-22-BEH-05,DOM-22,social_creator.behavior_05,소셜·크리에이터 가족·동료 공동결정,decision_unit에서 '가구 공동' 상태를 보이는 관측·선언 기반 행동 템플릿,"{""feature"":""social_creator.decision_unit"",""op"":""eq"",""value"":""가구 공동""}",proxy_targetable,template_not_population_estimate
DOM-22-BEH-06,DOM-22,social_creator.behavior_06,소셜·크리에이터 플랫폼 중개 접근,acquisition_access에서 '플랫폼 중개' 상태를 보이는 관측·선언 기반 행동 템플릿,"{""feature"":""social_creator.acquisition_access"",""op"":""eq"",""value"":""플랫폼 중개""}",proxy_targetable,template_not_population_estimate
DOM-22-BEH-07,DOM-22,social_creator.behavior_07,소셜·크리에이터 평가·공유 참여,engagement_participation에서 '평가·공유' 상태를 보이는 관측·선언 기반 행동 템플릿,"{""feature"":""social_creator.engagement_participation"",""op"":""eq"",""value"":""평가·공유""}",proxy_targetable,template_not_population_estimate
DOM-22-BEH-08,DOM-22,social_creator.behavior_08,소셜·크리에이터 가격·혜택 전환,loyalty_switching에서 '가격·혜택 전환' 상태를 보이는 관측·선언 기반 행동 템플릿,"{""feature"":""social_creator.loyalty_switching"",""op"":""eq"",""value"":""가격·혜택 전환""}",proxy_targetable,template_not_population_estimate
DOM-22-BEH-09,DOM-22,social_creator.behavior_09,소셜·크리에이터 프리미엄 선택 지출,spending_value에서 '프리미엄·고액' 상태를 보이는 관측·선언 기반 행동 템플릿,"{""feature"":""social_creator.spending_value"",""op"":""eq"",""value"":""프리미엄·고액""}",proxy_targetable,template_not_population_estimate
DOM-22-BEH-10,DOM-22,social_creator.behavior_10,소셜·크리에이터 휴면·이탈 위험,lifecycle_stage에서 '휴면·이탈' 상태를 보이는 관측·선언 기반 행동 템플릿,"{""feature"":""social_creator.lifecycle_stage"",""op"":""eq"",""value"":""휴면·이탈""}",contextual_only,template_not_population_estimate
DOM-23-BEH-01,DOM-23,career_professional.behavior_01,경력·전문활동 반복 핵심 이용,frequency_intensity에서 '거의 매일' 상태를 보이는 관측·선언 기반 행동 템플릿,"{""feature"":""career_professional.frequency_intensity"",""op"":""eq"",""value"":""거의 매일""}",proxy_targetable,template_not_population_estimate
DOM-23-BEH-02,DOM-23,career_professional.behavior_02,경력·전문활동 주간 정기 이용,frequency_intensity에서 '주 1–4회' 상태를 보이는 관측·선언 기반 행동 템플릿,"{""feature"":""career_professional.frequency_intensity"",""op"":""eq"",""value"":""주 1–4회""}",proxy_targetable,template_not_population_estimate
DOM-23-BEH-03,DOM-23,career_professional.behavior_03,경력·전문활동 직접 검색 탐색,discovery에서 '직접 검색' 상태를 보이는 관측·선언 기반 행동 템플릿,"{""feature"":""career_professional.discovery"",""op"":""eq"",""value"":""직접 검색""}",proxy_targetable,template_not_population_estimate
DOM-23-BEH-04,DOM-23,career_professional.behavior_04,경력·전문활동 추천 기반 발견,discovery에서 '알고리즘 추천' 상태를 보이는 관측·선언 기반 행동 템플릿,"{""feature"":""career_professional.discovery"",""op"":""eq"",""value"":""알고리즘 추천""}",proxy_targetable,template_not_population_estimate
DOM-23-BEH-05,DOM-23,career_professional.behavior_05,경력·전문활동 가족·동료 공동결정,decision_unit에서 '가구 공동' 상태를 보이는 관측·선언 기반 행동 템플릿,"{""feature"":""career_professional.decision_unit"",""op"":""eq"",""value"":""가구 공동""}",proxy_targetable,template_not_population_estimate
DOM-23-BEH-06,DOM-23,career_professional.behavior_06,경력·전문활동 플랫폼 중개 접근,acquisition_access에서 '플랫폼 중개' 상태를 보이는 관측·선언 기반 행동 템플릿,"{""feature"":""career_professional.acquisition_access"",""op"":""eq"",""value"":""플랫폼 중개""}",proxy_targetable,template_not_population_estimate
DOM-23-BEH-07,DOM-23,career_professional.behavior_07,경력·전문활동 평가·공유 참여,engagement_participation에서 '평가·공유' 상태를 보이는 관측·선언 기반 행동 템플릿,"{""feature"":""career_professional.engagement_participation"",""op"":""eq"",""value"":""평가·공유""}",proxy_targetable,template_not_population_estimate
DOM-23-BEH-08,DOM-23,career_professional.behavior_08,경력·전문활동 가격·혜택 전환,loyalty_switching에서 '가격·혜택 전환' 상태를 보이는 관측·선언 기반 행동 템플릿,"{""feature"":""career_professional.loyalty_switching"",""op"":""eq"",""value"":""가격·혜택 전환""}",proxy_targetable,template_not_population_estimate
DOM-23-BEH-09,DOM-23,career_professional.behavior_09,경력·전문활동 프리미엄 선택 지출,spending_value에서 '프리미엄·고액' 상태를 보이는 관측·선언 기반 행동 템플릿,"{""feature"":""career_professional.spending_value"",""op"":""eq"",""value"":""프리미엄·고액""}",proxy_targetable,template_not_population_estimate
DOM-23-BEH-10,DOM-23,career_professional.behavior_10,경력·전문활동 휴면·이탈 위험,lifecycle_stage에서 '휴면·이탈' 상태를 보이는 관측·선언 기반 행동 템플릿,"{""feature"":""career_professional.lifecycle_stage"",""op"":""eq"",""value"":""휴면·이탈""}",contextual_only,template_not_population_estimate
DOM-24-BEH-01,DOM-24,small_business_digital.behavior_01,소상공인·디지털 운영 반복 핵심 이용,frequency_intensity에서 '거의 매일' 상태를 보이는 관측·선언 기반 행동 템플릿,"{""feature"":""small_business_digital.frequency_intensity"",""op"":""eq"",""value"":""거의 매일""}",proxy_targetable,template_not_population_estimate
DOM-24-BEH-02,DOM-24,small_business_digital.behavior_02,소상공인·디지털 운영 주간 정기 이용,frequency_intensity에서 '주 1–4회' 상태를 보이는 관측·선언 기반 행동 템플릿,"{""feature"":""small_business_digital.frequency_intensity"",""op"":""eq"",""value"":""주 1–4회""}",proxy_targetable,template_not_population_estimate
DOM-24-BEH-03,DOM-24,small_business_digital.behavior_03,소상공인·디지털 운영 직접 검색 탐색,discovery에서 '직접 검색' 상태를 보이는 관측·선언 기반 행동 템플릿,"{""feature"":""small_business_digital.discovery"",""op"":""eq"",""value"":""직접 검색""}",proxy_targetable,template_not_population_estimate
DOM-24-BEH-04,DOM-24,small_business_digital.behavior_04,소상공인·디지털 운영 추천 기반 발견,discovery에서 '알고리즘 추천' 상태를 보이는 관측·선언 기반 행동 템플릿,"{""feature"":""small_business_digital.discovery"",""op"":""eq"",""value"":""알고리즘 추천""}",proxy_targetable,template_not_population_estimate
DOM-24-BEH-05,DOM-24,small_business_digital.behavior_05,소상공인·디지털 운영 가족·동료 공동결정,decision_unit에서 '가구 공동' 상태를 보이는 관측·선언 기반 행동 템플릿,"{""feature"":""small_business_digital.decision_unit"",""op"":""eq"",""value"":""가구 공동""}",proxy_targetable,template_not_population_estimate
DOM-24-BEH-06,DOM-24,small_business_digital.behavior_06,소상공인·디지털 운영 플랫폼 중개 접근,acquisition_access에서 '플랫폼 중개' 상태를 보이는 관측·선언 기반 행동 템플릿,"{""feature"":""small_business_digital.acquisition_access"",""op"":""eq"",""value"":""플랫폼 중개""}",proxy_targetable,template_not_population_estimate
DOM-24-BEH-07,DOM-24,small_business_digital.behavior_07,소상공인·디지털 운영 평가·공유 참여,engagement_participation에서 '평가·공유' 상태를 보이는 관측·선언 기반 행동 템플릿,"{""feature"":""small_business_digital.engagement_participation"",""op"":""eq"",""value"":""평가·공유""}",proxy_targetable,template_not_population_estimate
DOM-24-BEH-08,DOM-24,small_business_digital.behavior_08,소상공인·디지털 운영 가격·혜택 전환,loyalty_switching에서 '가격·혜택 전환' 상태를 보이는 관측·선언 기반 행동 템플릿,"{""feature"":""small_business_digital.loyalty_switching"",""op"":""eq"",""value"":""가격·혜택 전환""}",proxy_targetable,template_not_population_estimate
DOM-24-BEH-09,DOM-24,small_business_digital.behavior_09,소상공인·디지털 운영 프리미엄 선택 지출,spending_value에서 '프리미엄·고액' 상태를 보이는 관측·선언 기반 행동 템플릿,"{""feature"":""small_business_digital.spending_value"",""op"":""eq"",""value"":""프리미엄·고액""}",proxy_targetable,template_not_population_estimate
DOM-24-BEH-10,DOM-24,small_business_digital.behavior_10,소상공인·디지털 운영 휴면·이탈 위험,lifecycle_stage에서 '휴면·이탈' 상태를 보이는 관측·선언 기반 행동 템플릿,"{""feature"":""small_business_digital.lifecycle_stage"",""op"":""eq"",""value"":""휴면·이탈""}",contextual_only,template_not_population_estimate
