dimension_id,domain_id,axis_code,applicability,applicability_reason,allowed_values_json,sort_order
DOM-01-DIM-01,DOM-01,object,applicable,핵심 소비·사용 여정을 구성하는 공통축,"[""대중음악"",""인디·장르음악"",""팟캐스트·토크"",""아티스트·팬덤""]",1
DOM-01-DIM-02,DOM-01,format,applicable,핵심 소비·사용 여정을 구성하는 공통축,"[""스트리밍"",""뮤직비디오·숏폼"",""피지컬 음반"",""공연·라이브""]",2
DOM-01-DIM-03,DOM-01,occasion,applicable,핵심 소비·사용 여정을 구성하는 공통축,"[""이동·통근"",""집중·업무"",""휴식·기분전환"",""팬 활동""]",3
DOM-01-DIM-04,DOM-01,location,applicable,핵심 소비·사용 여정을 구성하는 공통축,"[""가정"",""직장·학교"",""이동 중"",""상업·공공 장소""]",4
DOM-01-DIM-05,DOM-01,frequency_intensity,applicable,핵심 소비·사용 여정을 구성하는 공통축,"[""거의 매일"",""주 1–4회"",""월 1–3회"",""비정기·휴면""]",5
DOM-01-DIM-06,DOM-01,discovery,applicable,핵심 소비·사용 여정을 구성하는 공통축,"[""직접 검색"",""알고리즘 추천"",""지인·커뮤니티"",""오프라인 노출""]",6
DOM-01-DIM-07,DOM-01,acquisition_access,applicable,핵심 소비·사용 여정을 구성하는 공통축,"[""직접 보유·구매"",""구독·회원권"",""플랫폼 중개"",""공공·공유 접근""]",7
DOM-01-DIM-08,DOM-01,consumption_mode,applicable,핵심 소비·사용 여정을 구성하는 공통축,"[""배경 청취"",""능동 탐색"",""소셜 공유"",""창작·연주""]",8
DOM-01-DIM-09,DOM-01,device_channel_platform,applicable,핵심 소비·사용 여정을 구성하는 공통축,"[""모바일"",""PC·웹"",""오프라인 매장·시설"",""전문가·중개 채널""]",9
DOM-01-DIM-10,DOM-01,payment_monetization,applicable,핵심 소비·사용 여정을 구성하는 공통축,"[""무료·광고형"",""구독"",""곡·앨범 구매"",""공연·굿즈""]",10
DOM-01-DIM-11,DOM-01,decision_unit,applicable,핵심 소비·사용 여정을 구성하는 공통축,"[""개인"",""가구 공동"",""보호자·가족"",""조직·사업체""]",11
DOM-01-DIM-12,DOM-01,engagement_participation,applicable,핵심 소비·사용 여정을 구성하는 공통축,"[""열람·이용"",""저장·반복"",""평가·공유"",""제작·참여""]",12
DOM-01-DIM-13,DOM-01,motivation_job,applicable,핵심 소비·사용 여정을 구성하는 공통축,"[""기분 조절"",""새 음악 발견"",""정체성 표현"",""아티스트 지지""]",13
DOM-01-DIM-14,DOM-01,barrier_risk_trust,applicable,핵심 소비·사용 여정을 구성하는 공통축,"[""구독 피로"",""추천 편향"",""가격 부담"",""티켓·권리 신뢰""]",14
DOM-01-DIM-15,DOM-01,loyalty_switching,applicable,핵심 소비·사용 여정을 구성하는 공통축,"[""단일 선호"",""복수 병행"",""가격·혜택 전환"",""휴면·이탈""]",15
DOM-01-DIM-16,DOM-01,spending_value,applicable,핵심 소비·사용 여정을 구성하는 공통축,"[""무지출"",""저가·가성비"",""중간 지출"",""프리미엄·고액""]",16
DOM-02-DIM-01,DOM-02,object,applicable,핵심 소비·사용 여정을 구성하는 공통축,"[""드라마"",""영화"",""예능"",""다큐·정보""]",1
DOM-02-DIM-02,DOM-02,format,applicable,핵심 소비·사용 여정을 구성하는 공통축,"[""장편 VOD"",""숏폼"",""라이브"",""클립·하이라이트""]",2
DOM-02-DIM-03,DOM-02,occasion,applicable,핵심 소비·사용 여정을 구성하는 공통축,"[""퇴근 후"",""주말 몰아보기"",""이동 중"",""가족 공동시청""]",3
DOM-02-DIM-04,DOM-02,location,applicable,핵심 소비·사용 여정을 구성하는 공통축,"[""가정"",""직장·학교"",""이동 중"",""상업·공공 장소""]",4
DOM-02-DIM-05,DOM-02,frequency_intensity,applicable,핵심 소비·사용 여정을 구성하는 공통축,"[""거의 매일"",""주 1–4회"",""월 1–3회"",""비정기·휴면""]",5
DOM-02-DIM-06,DOM-02,discovery,applicable,핵심 소비·사용 여정을 구성하는 공통축,"[""직접 검색"",""알고리즘 추천"",""지인·커뮤니티"",""오프라인 노출""]",6
DOM-02-DIM-07,DOM-02,acquisition_access,applicable,핵심 소비·사용 여정을 구성하는 공통축,"[""직접 보유·구매"",""구독·회원권"",""플랫폼 중개"",""공공·공유 접근""]",7
DOM-02-DIM-08,DOM-02,consumption_mode,applicable,핵심 소비·사용 여정을 구성하는 공통축,"[""몰입 시청"",""배경 재생"",""동시 시청"",""리뷰·공유""]",8
DOM-02-DIM-09,DOM-02,device_channel_platform,applicable,핵심 소비·사용 여정을 구성하는 공통축,"[""모바일"",""PC·웹"",""오프라인 매장·시설"",""전문가·중개 채널""]",9
DOM-02-DIM-10,DOM-02,payment_monetization,applicable,핵심 소비·사용 여정을 구성하는 공통축,"[""무료·광고형"",""단일 구독"",""묶음 구독"",""건별 대여·구매""]",10
DOM-02-DIM-11,DOM-02,decision_unit,applicable,핵심 소비·사용 여정을 구성하는 공통축,"[""개인"",""가구 공동"",""보호자·가족"",""조직·사업체""]",11
DOM-02-DIM-12,DOM-02,engagement_participation,applicable,핵심 소비·사용 여정을 구성하는 공통축,"[""열람·이용"",""저장·반복"",""평가·공유"",""제작·참여""]",12
DOM-02-DIM-13,DOM-02,motivation_job,applicable,핵심 소비·사용 여정을 구성하는 공통축,"[""서사 몰입"",""휴식"",""화제 참여"",""정보 습득""]",13
DOM-02-DIM-14,DOM-02,barrier_risk_trust,applicable,핵심 소비·사용 여정을 구성하는 공통축,"[""구독 중복"",""탐색 피로"",""스포일러"",""콘텐츠 신뢰""]",14
DOM-02-DIM-15,DOM-02,loyalty_switching,applicable,핵심 소비·사용 여정을 구성하는 공통축,"[""단일 선호"",""복수 병행"",""가격·혜택 전환"",""휴면·이탈""]",15
DOM-02-DIM-16,DOM-02,spending_value,applicable,핵심 소비·사용 여정을 구성하는 공통축,"[""무지출"",""저가·가성비"",""중간 지출"",""프리미엄·고액""]",16
DOM-03-DIM-01,DOM-03,object,applicable,핵심 소비·사용 여정을 구성하는 공통축,"[""모바일 게임"",""PC·콘솔 게임"",""e스포츠"",""보드·소셜 게임""]",1
DOM-03-DIM-02,DOM-03,format,applicable,핵심 소비·사용 여정을 구성하는 공통축,"[""짧은 세션"",""장기 캠페인"",""경쟁전"",""관전·스트리밍""]",2
DOM-03-DIM-03,DOM-03,occasion,applicable,핵심 소비·사용 여정을 구성하는 공통축,"[""틈새 시간"",""저녁 여가"",""친구 모임"",""대회·시즌""]",3
DOM-03-DIM-04,DOM-03,location,applicable,핵심 소비·사용 여정을 구성하는 공통축,"[""가정"",""직장·학교"",""이동 중"",""상업·공공 장소""]",4
DOM-03-DIM-05,DOM-03,frequency_intensity,applicable,핵심 소비·사용 여정을 구성하는 공통축,"[""거의 매일"",""주 1–4회"",""월 1–3회"",""비정기·휴면""]",5
DOM-03-DIM-06,DOM-03,discovery,applicable,핵심 소비·사용 여정을 구성하는 공통축,"[""직접 검색"",""알고리즘 추천"",""지인·커뮤니티"",""오프라인 노출""]",6
DOM-03-DIM-07,DOM-03,acquisition_access,applicable,핵심 소비·사용 여정을 구성하는 공통축,"[""직접 보유·구매"",""구독·회원권"",""플랫폼 중개"",""공공·공유 접근""]",7
DOM-03-DIM-08,DOM-03,consumption_mode,applicable,핵심 소비·사용 여정을 구성하는 공통축,"[""솔로 플레이"",""협동"",""경쟁"",""관전·커뮤니티""]",8
DOM-03-DIM-09,DOM-03,device_channel_platform,applicable,핵심 소비·사용 여정을 구성하는 공통축,"[""모바일"",""PC·웹"",""오프라인 매장·시설"",""전문가·중개 채널""]",9
DOM-03-DIM-10,DOM-03,payment_monetization,applicable,핵심 소비·사용 여정을 구성하는 공통축,"[""무료 플레이"",""패키지 구매"",""시즌패스·구독"",""아이템·후원""]",10
DOM-03-DIM-11,DOM-03,decision_unit,applicable,핵심 소비·사용 여정을 구성하는 공통축,"[""개인"",""가구 공동"",""보호자·가족"",""조직·사업체""]",11
DOM-03-DIM-12,DOM-03,engagement_participation,applicable,핵심 소비·사용 여정을 구성하는 공통축,"[""열람·이용"",""저장·반복"",""평가·공유"",""제작·참여""]",12
DOM-03-DIM-13,DOM-03,motivation_job,applicable,핵심 소비·사용 여정을 구성하는 공통축,"[""성취"",""사회적 연결"",""도피·휴식"",""숙련·경쟁""]",13
DOM-03-DIM-14,DOM-03,barrier_risk_trust,applicable,핵심 소비·사용 여정을 구성하는 공통축,"[""시간 부족"",""과금 불신"",""유해행동"",""기기 비용""]",14
DOM-03-DIM-15,DOM-03,loyalty_switching,applicable,핵심 소비·사용 여정을 구성하는 공통축,"[""단일 선호"",""복수 병행"",""가격·혜택 전환"",""휴면·이탈""]",15
DOM-03-DIM-16,DOM-03,spending_value,applicable,핵심 소비·사용 여정을 구성하는 공통축,"[""무지출"",""저가·가성비"",""중간 지출"",""프리미엄·고액""]",16
DOM-04-DIM-01,DOM-04,object,applicable,핵심 소비·사용 여정을 구성하는 공통축,"[""단행본"",""전자책"",""웹툰·웹소설"",""전문·학습서""]",1
DOM-04-DIM-02,DOM-04,format,applicable,핵심 소비·사용 여정을 구성하는 공통축,"[""종이책"",""앱 연재"",""오디오북"",""요약·리뷰""]",2
DOM-04-DIM-03,DOM-04,occasion,applicable,핵심 소비·사용 여정을 구성하는 공통축,"[""취침 전"",""이동 중"",""학습·업무"",""주말 몰입""]",3
DOM-04-DIM-04,DOM-04,location,applicable,핵심 소비·사용 여정을 구성하는 공통축,"[""가정"",""직장·학교"",""이동 중"",""상업·공공 장소""]",4
DOM-04-DIM-05,DOM-04,frequency_intensity,applicable,핵심 소비·사용 여정을 구성하는 공통축,"[""거의 매일"",""주 1–4회"",""월 1–3회"",""비정기·휴면""]",5
DOM-04-DIM-06,DOM-04,discovery,applicable,핵심 소비·사용 여정을 구성하는 공통축,"[""직접 검색"",""알고리즘 추천"",""지인·커뮤니티"",""오프라인 노출""]",6
DOM-04-DIM-07,DOM-04,acquisition_access,applicable,핵심 소비·사용 여정을 구성하는 공통축,"[""직접 보유·구매"",""구독·회원권"",""플랫폼 중개"",""공공·공유 접근""]",7
DOM-04-DIM-08,DOM-04,consumption_mode,applicable,핵심 소비·사용 여정을 구성하는 공통축,"[""정독"",""연재 추적"",""듣기"",""토론·리뷰""]",8
DOM-04-DIM-09,DOM-04,device_channel_platform,applicable,핵심 소비·사용 여정을 구성하는 공통축,"[""모바일"",""PC·웹"",""오프라인 매장·시설"",""전문가·중개 채널""]",9
DOM-04-DIM-10,DOM-04,payment_monetization,applicable,핵심 소비·사용 여정을 구성하는 공통축,"[""도서관·무료"",""구독"",""권·회차 구매"",""소장 구매""]",10
DOM-04-DIM-11,DOM-04,decision_unit,applicable,핵심 소비·사용 여정을 구성하는 공통축,"[""개인"",""가구 공동"",""보호자·가족"",""조직·사업체""]",11
DOM-04-DIM-12,DOM-04,engagement_participation,applicable,핵심 소비·사용 여정을 구성하는 공통축,"[""열람·이용"",""저장·반복"",""평가·공유"",""제작·참여""]",12
DOM-04-DIM-13,DOM-04,motivation_job,applicable,핵심 소비·사용 여정을 구성하는 공통축,"[""지식 습득"",""서사 몰입"",""자기계발"",""취향 탐색""]",13
DOM-04-DIM-14,DOM-04,barrier_risk_trust,applicable,핵심 소비·사용 여정을 구성하는 공통축,"[""시간 부족"",""완독 부담"",""플랫폼 잠금"",""가격 부담""]",14
DOM-04-DIM-15,DOM-04,loyalty_switching,applicable,핵심 소비·사용 여정을 구성하는 공통축,"[""단일 선호"",""복수 병행"",""가격·혜택 전환"",""휴면·이탈""]",15
DOM-04-DIM-16,DOM-04,spending_value,applicable,핵심 소비·사용 여정을 구성하는 공통축,"[""무지출"",""저가·가성비"",""중간 지출"",""프리미엄·고액""]",16
DOM-05-DIM-01,DOM-05,object,applicable,핵심 소비·사용 여정을 구성하는 공통축,"[""공연예술"",""전시·박물관"",""지역축제"",""체험 행사""]",1
DOM-05-DIM-02,DOM-05,format,applicable,핵심 소비·사용 여정을 구성하는 공통축,"[""현장 관람"",""도슨트·가이드"",""온라인 중계"",""워크숍""]",2
DOM-05-DIM-03,DOM-05,occasion,applicable,핵심 소비·사용 여정을 구성하는 공통축,"[""주말 나들이"",""데이트"",""가족 활동"",""여행 연계""]",3
DOM-05-DIM-04,DOM-05,location,applicable,핵심 소비·사용 여정을 구성하는 공통축,"[""가정"",""직장·학교"",""이동 중"",""상업·공공 장소""]",4
DOM-05-DIM-05,DOM-05,frequency_intensity,applicable,핵심 소비·사용 여정을 구성하는 공통축,"[""거의 매일"",""주 1–4회"",""월 1–3회"",""비정기·휴면""]",5
DOM-05-DIM-06,DOM-05,discovery,applicable,핵심 소비·사용 여정을 구성하는 공통축,"[""직접 검색"",""알고리즘 추천"",""지인·커뮤니티"",""오프라인 노출""]",6
DOM-05-DIM-07,DOM-05,acquisition_access,applicable,핵심 소비·사용 여정을 구성하는 공통축,"[""직접 보유·구매"",""구독·회원권"",""플랫폼 중개"",""공공·공유 접근""]",7
DOM-05-DIM-08,DOM-05,consumption_mode,applicable,핵심 소비·사용 여정을 구성하는 공통축,"[""개인 관람"",""동반 관람"",""참여 체험"",""후기 공유""]",8
DOM-05-DIM-09,DOM-05,device_channel_platform,applicable,핵심 소비·사용 여정을 구성하는 공통축,"[""모바일"",""PC·웹"",""오프라인 매장·시설"",""전문가·중개 채널""]",9
DOM-05-DIM-10,DOM-05,payment_monetization,applicable,핵심 소비·사용 여정을 구성하는 공통축,"[""무료 행사"",""일반 입장권"",""멤버십"",""프리미엄 좌석""]",10
DOM-05-DIM-11,DOM-05,decision_unit,applicable,핵심 소비·사용 여정을 구성하는 공통축,"[""개인"",""가구 공동"",""보호자·가족"",""조직·사업체""]",11
DOM-05-DIM-12,DOM-05,engagement_participation,applicable,핵심 소비·사용 여정을 구성하는 공통축,"[""열람·이용"",""저장·반복"",""평가·공유"",""제작·참여""]",12
DOM-05-DIM-13,DOM-05,motivation_job,applicable,핵심 소비·사용 여정을 구성하는 공통축,"[""문화 향유"",""새로움"",""사회적 교류"",""지역 소속감""]",13
DOM-05-DIM-14,DOM-05,barrier_risk_trust,applicable,핵심 소비·사용 여정을 구성하는 공통축,"[""거리·시간"",""티켓 가격"",""정보 부족"",""혼잡·접근성""]",14
DOM-05-DIM-15,DOM-05,loyalty_switching,applicable,핵심 소비·사용 여정을 구성하는 공통축,"[""단일 선호"",""복수 병행"",""가격·혜택 전환"",""휴면·이탈""]",15
DOM-05-DIM-16,DOM-05,spending_value,applicable,핵심 소비·사용 여정을 구성하는 공통축,"[""무지출"",""저가·가성비"",""중간 지출"",""프리미엄·고액""]",16
DOM-06-DIM-01,DOM-06,object,applicable,핵심 소비·사용 여정을 구성하는 공통축,"[""신선식품"",""가공식품"",""밀키트·간편식"",""건강·특수식""]",1
DOM-06-DIM-02,DOM-06,format,applicable,핵심 소비·사용 여정을 구성하는 공통축,"[""주간 장보기"",""소량 수시구매"",""정기배송"",""직접 조리""]",2
DOM-06-DIM-03,DOM-06,occasion,applicable,핵심 소비·사용 여정을 구성하는 공통축,"[""평일 식사"",""주말 가족식"",""손님맞이"",""비상 비축""]",3
DOM-06-DIM-04,DOM-06,location,applicable,핵심 소비·사용 여정을 구성하는 공통축,"[""가정"",""직장·학교"",""이동 중"",""상업·공공 장소""]",4
DOM-06-DIM-05,DOM-06,frequency_intensity,applicable,핵심 소비·사용 여정을 구성하는 공통축,"[""거의 매일"",""주 1–4회"",""월 1–3회"",""비정기·휴면""]",5
DOM-06-DIM-06,DOM-06,discovery,applicable,핵심 소비·사용 여정을 구성하는 공통축,"[""직접 검색"",""알고리즘 추천"",""지인·커뮤니티"",""오프라인 노출""]",6
DOM-06-DIM-07,DOM-06,acquisition_access,applicable,핵심 소비·사용 여정을 구성하는 공통축,"[""직접 보유·구매"",""구독·회원권"",""플랫폼 중개"",""공공·공유 접근""]",7
DOM-06-DIM-08,DOM-06,consumption_mode,applicable,핵심 소비·사용 여정을 구성하는 공통축,"[""계획 구매"",""즉흥 구매"",""공동 조리"",""간편 조리""]",8
DOM-06-DIM-09,DOM-06,device_channel_platform,applicable,핵심 소비·사용 여정을 구성하는 공통축,"[""모바일"",""PC·웹"",""오프라인 매장·시설"",""전문가·중개 채널""]",9
DOM-06-DIM-10,DOM-06,payment_monetization,applicable,핵심 소비·사용 여정을 구성하는 공통축,"[""현장 결제"",""온라인 주문"",""정기구독"",""할인·포인트""]",10
DOM-06-DIM-11,DOM-06,decision_unit,applicable,핵심 소비·사용 여정을 구성하는 공통축,"[""개인"",""가구 공동"",""보호자·가족"",""조직·사업체""]",11
DOM-06-DIM-12,DOM-06,engagement_participation,applicable,핵심 소비·사용 여정을 구성하는 공통축,"[""열람·이용"",""저장·반복"",""평가·공유"",""제작·참여""]",12
DOM-06-DIM-13,DOM-06,motivation_job,applicable,핵심 소비·사용 여정을 구성하는 공통축,"[""가족 건강"",""예산 관리"",""조리 편의"",""신선도·품질""]",13
DOM-06-DIM-14,DOM-06,barrier_risk_trust,applicable,핵심 소비·사용 여정을 구성하는 공통축,"[""물가 부담"",""품질 불확실"",""배송 신뢰"",""조리 시간""]",14
DOM-06-DIM-15,DOM-06,loyalty_switching,applicable,핵심 소비·사용 여정을 구성하는 공통축,"[""단일 선호"",""복수 병행"",""가격·혜택 전환"",""휴면·이탈""]",15
DOM-06-DIM-16,DOM-06,spending_value,applicable,핵심 소비·사용 여정을 구성하는 공통축,"[""무지출"",""저가·가성비"",""중간 지출"",""프리미엄·고액""]",16
DOM-07-DIM-01,DOM-07,object,applicable,핵심 소비·사용 여정을 구성하는 공통축,"[""한식·일상식"",""배달 음식"",""카페·디저트"",""특별 외식""]",1
DOM-07-DIM-02,DOM-07,format,applicable,핵심 소비·사용 여정을 구성하는 공통축,"[""매장 식사"",""포장"",""배달앱"",""예약 코스""]",2
DOM-07-DIM-03,DOM-07,occasion,applicable,핵심 소비·사용 여정을 구성하는 공통축,"[""혼밥"",""업무 중 식사"",""친교 모임"",""기념일""]",3
DOM-07-DIM-04,DOM-07,location,applicable,핵심 소비·사용 여정을 구성하는 공통축,"[""가정"",""직장·학교"",""이동 중"",""상업·공공 장소""]",4
DOM-07-DIM-05,DOM-07,frequency_intensity,applicable,핵심 소비·사용 여정을 구성하는 공통축,"[""거의 매일"",""주 1–4회"",""월 1–3회"",""비정기·휴면""]",5
DOM-07-DIM-06,DOM-07,discovery,applicable,핵심 소비·사용 여정을 구성하는 공통축,"[""직접 검색"",""알고리즘 추천"",""지인·커뮤니티"",""오프라인 노출""]",6
DOM-07-DIM-07,DOM-07,acquisition_access,applicable,핵심 소비·사용 여정을 구성하는 공통축,"[""직접 보유·구매"",""구독·회원권"",""플랫폼 중개"",""공공·공유 접근""]",7
DOM-07-DIM-08,DOM-07,consumption_mode,applicable,핵심 소비·사용 여정을 구성하는 공통축,"[""빠른 해결"",""탐색 방문"",""반복 주문"",""후기·공유""]",8
DOM-07-DIM-09,DOM-07,device_channel_platform,applicable,핵심 소비·사용 여정을 구성하는 공통축,"[""모바일"",""PC·웹"",""오프라인 매장·시설"",""전문가·중개 채널""]",9
DOM-07-DIM-10,DOM-07,payment_monetization,applicable,핵심 소비·사용 여정을 구성하는 공통축,"[""현장 결제"",""앱 결제"",""쿠폰·멤버십"",""단체 정산""]",10
DOM-07-DIM-11,DOM-07,decision_unit,applicable,핵심 소비·사용 여정을 구성하는 공통축,"[""개인"",""가구 공동"",""보호자·가족"",""조직·사업체""]",11
DOM-07-DIM-12,DOM-07,engagement_participation,applicable,핵심 소비·사용 여정을 구성하는 공통축,"[""열람·이용"",""저장·반복"",""평가·공유"",""제작·참여""]",12
DOM-07-DIM-13,DOM-07,motivation_job,applicable,핵심 소비·사용 여정을 구성하는 공통축,"[""편의"",""맛 탐색"",""사회적 교류"",""보상·기분전환""]",13
DOM-07-DIM-14,DOM-07,barrier_risk_trust,applicable,핵심 소비·사용 여정을 구성하는 공통축,"[""배달비·가격"",""위생 신뢰"",""대기 시간"",""후기 조작 우려""]",14
DOM-07-DIM-15,DOM-07,loyalty_switching,applicable,핵심 소비·사용 여정을 구성하는 공통축,"[""단일 선호"",""복수 병행"",""가격·혜택 전환"",""휴면·이탈""]",15
DOM-07-DIM-16,DOM-07,spending_value,applicable,핵심 소비·사용 여정을 구성하는 공통축,"[""무지출"",""저가·가성비"",""중간 지출"",""프리미엄·고액""]",16
DOM-08-DIM-01,DOM-08,object,applicable,핵심 소비·사용 여정을 구성하는 공통축,"[""일상 의류"",""스포츠·아웃도어웨어"",""명품·디자이너"",""리셀·빈티지""]",1
DOM-08-DIM-02,DOM-08,format,applicable,핵심 소비·사용 여정을 구성하는 공통축,"[""매장 구매"",""온라인몰"",""라이브커머스"",""중고 거래""]",2
DOM-08-DIM-03,DOM-08,occasion,applicable,핵심 소비·사용 여정을 구성하는 공통축,"[""계절 교체"",""출근·행사"",""여행"",""취향 컬렉션""]",3
DOM-08-DIM-04,DOM-08,location,applicable,핵심 소비·사용 여정을 구성하는 공통축,"[""가정"",""직장·학교"",""이동 중"",""상업·공공 장소""]",4
DOM-08-DIM-05,DOM-08,frequency_intensity,applicable,핵심 소비·사용 여정을 구성하는 공통축,"[""거의 매일"",""주 1–4회"",""월 1–3회"",""비정기·휴면""]",5
DOM-08-DIM-06,DOM-08,discovery,applicable,핵심 소비·사용 여정을 구성하는 공통축,"[""직접 검색"",""알고리즘 추천"",""지인·커뮤니티"",""오프라인 노출""]",6
DOM-08-DIM-07,DOM-08,acquisition_access,applicable,핵심 소비·사용 여정을 구성하는 공통축,"[""직접 보유·구매"",""구독·회원권"",""플랫폼 중개"",""공공·공유 접근""]",7
DOM-08-DIM-08,DOM-08,consumption_mode,applicable,핵심 소비·사용 여정을 구성하는 공통축,"[""목적 구매"",""탐색 쇼핑"",""코디 공유"",""재판매""]",8
DOM-08-DIM-09,DOM-08,device_channel_platform,applicable,핵심 소비·사용 여정을 구성하는 공통축,"[""모바일"",""PC·웹"",""오프라인 매장·시설"",""전문가·중개 채널""]",9
DOM-08-DIM-10,DOM-08,payment_monetization,applicable,핵심 소비·사용 여정을 구성하는 공통축,"[""정가"",""할인·쿠폰"",""할부"",""판매대금 상계""]",10
DOM-08-DIM-11,DOM-08,decision_unit,applicable,핵심 소비·사용 여정을 구성하는 공통축,"[""개인"",""가구 공동"",""보호자·가족"",""조직·사업체""]",11
DOM-08-DIM-12,DOM-08,engagement_participation,applicable,핵심 소비·사용 여정을 구성하는 공통축,"[""열람·이용"",""저장·반복"",""평가·공유"",""제작·참여""]",12
DOM-08-DIM-13,DOM-08,motivation_job,applicable,핵심 소비·사용 여정을 구성하는 공통축,"[""자기표현"",""기능성"",""희소성"",""가치 소비""]",13
DOM-08-DIM-14,DOM-08,barrier_risk_trust,applicable,핵심 소비·사용 여정을 구성하는 공통축,"[""사이즈 불확실"",""정품 신뢰"",""반품 번거로움"",""충동구매""]",14
DOM-08-DIM-15,DOM-08,loyalty_switching,applicable,핵심 소비·사용 여정을 구성하는 공통축,"[""단일 선호"",""복수 병행"",""가격·혜택 전환"",""휴면·이탈""]",15
DOM-08-DIM-16,DOM-08,spending_value,applicable,핵심 소비·사용 여정을 구성하는 공통축,"[""무지출"",""저가·가성비"",""중간 지출"",""프리미엄·고액""]",16
DOM-09-DIM-01,DOM-09,object,applicable,핵심 소비·사용 여정을 구성하는 공통축,"[""스킨케어"",""메이크업"",""헤어·바디"",""미용 서비스""]",1
DOM-09-DIM-02,DOM-09,format,applicable,핵심 소비·사용 여정을 구성하는 공통축,"[""데일리 루틴"",""집중 케어"",""매장 시술"",""샘플·체험""]",2
DOM-09-DIM-03,DOM-09,occasion,applicable,핵심 소비·사용 여정을 구성하는 공통축,"[""아침 준비"",""저녁 관리"",""계절 변화"",""행사 전""]",3
DOM-09-DIM-04,DOM-09,location,applicable,핵심 소비·사용 여정을 구성하는 공통축,"[""가정"",""직장·학교"",""이동 중"",""상업·공공 장소""]",4
DOM-09-DIM-05,DOM-09,frequency_intensity,applicable,핵심 소비·사용 여정을 구성하는 공통축,"[""거의 매일"",""주 1–4회"",""월 1–3회"",""비정기·휴면""]",5
DOM-09-DIM-06,DOM-09,discovery,applicable,핵심 소비·사용 여정을 구성하는 공통축,"[""직접 검색"",""알고리즘 추천"",""지인·커뮤니티"",""오프라인 노출""]",6
DOM-09-DIM-07,DOM-09,acquisition_access,applicable,핵심 소비·사용 여정을 구성하는 공통축,"[""직접 보유·구매"",""구독·회원권"",""플랫폼 중개"",""공공·공유 접근""]",7
DOM-09-DIM-08,DOM-09,consumption_mode,applicable,핵심 소비·사용 여정을 구성하는 공통축,"[""셀프케어"",""전문가 상담"",""리뷰 탐색"",""루틴 공유""]",8
DOM-09-DIM-09,DOM-09,device_channel_platform,applicable,핵심 소비·사용 여정을 구성하는 공통축,"[""모바일"",""PC·웹"",""오프라인 매장·시설"",""전문가·중개 채널""]",9
DOM-09-DIM-10,DOM-09,payment_monetization,applicable,핵심 소비·사용 여정을 구성하는 공통축,"[""단품 구매"",""정기 구매"",""시술 패키지"",""샘플·증정""]",10
DOM-09-DIM-11,DOM-09,decision_unit,applicable,핵심 소비·사용 여정을 구성하는 공통축,"[""개인"",""가구 공동"",""보호자·가족"",""조직·사업체""]",11
DOM-09-DIM-12,DOM-09,engagement_participation,applicable,핵심 소비·사용 여정을 구성하는 공통축,"[""열람·이용"",""저장·반복"",""평가·공유"",""제작·참여""]",12
DOM-09-DIM-13,DOM-09,motivation_job,applicable,핵심 소비·사용 여정을 구성하는 공통축,"[""건강한 외관"",""자기표현"",""문제 해결"",""휴식·돌봄""]",13
DOM-09-DIM-14,DOM-09,barrier_risk_trust,applicable,핵심 소비·사용 여정을 구성하는 공통축,"[""효능 불확실"",""성분 우려"",""피부 부작용"",""과장 광고""]",14
DOM-09-DIM-15,DOM-09,loyalty_switching,applicable,핵심 소비·사용 여정을 구성하는 공통축,"[""단일 선호"",""복수 병행"",""가격·혜택 전환"",""휴면·이탈""]",15
DOM-09-DIM-16,DOM-09,spending_value,applicable,핵심 소비·사용 여정을 구성하는 공통축,"[""무지출"",""저가·가성비"",""중간 지출"",""프리미엄·고액""]",16
DOM-10-DIM-01,DOM-10,object,applicable,핵심 소비·사용 여정을 구성하는 공통축,"[""국내 단기여행"",""해외여행"",""호캉스·휴양"",""캠핑·체류""]",1
DOM-10-DIM-02,DOM-10,format,applicable,핵심 소비·사용 여정을 구성하는 공통축,"[""자유여행"",""패키지"",""당일치기"",""장기 체류""]",2
DOM-10-DIM-03,DOM-10,occasion,applicable,핵심 소비·사용 여정을 구성하는 공통축,"[""연휴"",""가족 휴가"",""기념일"",""업무 연계""]",3
DOM-10-DIM-04,DOM-10,location,applicable,핵심 소비·사용 여정을 구성하는 공통축,"[""가정"",""직장·학교"",""이동 중"",""상업·공공 장소""]",4
DOM-10-DIM-05,DOM-10,frequency_intensity,applicable,핵심 소비·사용 여정을 구성하는 공통축,"[""거의 매일"",""주 1–4회"",""월 1–3회"",""비정기·휴면""]",5
DOM-10-DIM-06,DOM-10,discovery,applicable,핵심 소비·사용 여정을 구성하는 공통축,"[""직접 검색"",""알고리즘 추천"",""지인·커뮤니티"",""오프라인 노출""]",6
DOM-10-DIM-07,DOM-10,acquisition_access,applicable,핵심 소비·사용 여정을 구성하는 공통축,"[""직접 보유·구매"",""구독·회원권"",""플랫폼 중개"",""공공·공유 접근""]",7
DOM-10-DIM-08,DOM-10,consumption_mode,applicable,핵심 소비·사용 여정을 구성하는 공통축,"[""계획형"",""즉흥형"",""현지 몰입"",""안전·편의형""]",8
DOM-10-DIM-09,DOM-10,device_channel_platform,applicable,핵심 소비·사용 여정을 구성하는 공통축,"[""모바일"",""PC·웹"",""오프라인 매장·시설"",""전문가·중개 채널""]",9
DOM-10-DIM-10,DOM-10,payment_monetization,applicable,핵심 소비·사용 여정을 구성하는 공통축,"[""개별 예약"",""패키지 선결제"",""포인트·마일리지"",""현지 결제""]",10
DOM-10-DIM-11,DOM-10,decision_unit,applicable,핵심 소비·사용 여정을 구성하는 공통축,"[""개인"",""가구 공동"",""보호자·가족"",""조직·사업체""]",11
DOM-10-DIM-12,DOM-10,engagement_participation,applicable,핵심 소비·사용 여정을 구성하는 공통축,"[""열람·이용"",""저장·반복"",""평가·공유"",""제작·참여""]",12
DOM-10-DIM-13,DOM-10,motivation_job,applicable,핵심 소비·사용 여정을 구성하는 공통축,"[""일상 탈출"",""관계 강화"",""문화 탐색"",""휴식""]",13
DOM-10-DIM-14,DOM-10,barrier_risk_trust,applicable,핵심 소비·사용 여정을 구성하는 공통축,"[""비용"",""일정 조율"",""안전·건강"",""예약 신뢰""]",14
DOM-10-DIM-15,DOM-10,loyalty_switching,applicable,핵심 소비·사용 여정을 구성하는 공통축,"[""단일 선호"",""복수 병행"",""가격·혜택 전환"",""휴면·이탈""]",15
DOM-10-DIM-16,DOM-10,spending_value,applicable,핵심 소비·사용 여정을 구성하는 공통축,"[""무지출"",""저가·가성비"",""중간 지출"",""프리미엄·고액""]",16
DOM-11-DIM-01,DOM-11,object,applicable,핵심 소비·사용 여정을 구성하는 공통축,"[""걷기·러닝"",""구기·라켓"",""등산·캠핑"",""피트니스""]",1
DOM-11-DIM-02,DOM-11,format,applicable,핵심 소비·사용 여정을 구성하는 공통축,"[""개인 운동"",""클래스"",""동호회"",""경기 관람""]",2
DOM-11-DIM-03,DOM-11,occasion,applicable,핵심 소비·사용 여정을 구성하는 공통축,"[""출근 전후"",""주말 야외"",""친교 모임"",""대회 준비""]",3
DOM-11-DIM-04,DOM-11,location,applicable,핵심 소비·사용 여정을 구성하는 공통축,"[""가정"",""직장·학교"",""이동 중"",""상업·공공 장소""]",4
DOM-11-DIM-05,DOM-11,frequency_intensity,applicable,핵심 소비·사용 여정을 구성하는 공통축,"[""거의 매일"",""주 1–4회"",""월 1–3회"",""비정기·휴면""]",5
DOM-11-DIM-06,DOM-11,discovery,applicable,핵심 소비·사용 여정을 구성하는 공통축,"[""직접 검색"",""알고리즘 추천"",""지인·커뮤니티"",""오프라인 노출""]",6
DOM-11-DIM-07,DOM-11,acquisition_access,applicable,핵심 소비·사용 여정을 구성하는 공통축,"[""직접 보유·구매"",""구독·회원권"",""플랫폼 중개"",""공공·공유 접근""]",7
DOM-11-DIM-08,DOM-11,consumption_mode,applicable,핵심 소비·사용 여정을 구성하는 공통축,"[""건강 유지"",""기록 향상"",""사회 운동"",""관전·응원""]",8
DOM-11-DIM-09,DOM-11,device_channel_platform,applicable,핵심 소비·사용 여정을 구성하는 공통축,"[""모바일"",""PC·웹"",""오프라인 매장·시설"",""전문가·중개 채널""]",9
DOM-11-DIM-10,DOM-11,payment_monetization,applicable,핵심 소비·사용 여정을 구성하는 공통축,"[""무료 공공시설"",""월회비"",""장비 구매"",""대회·레슨비""]",10
DOM-11-DIM-11,DOM-11,decision_unit,applicable,핵심 소비·사용 여정을 구성하는 공통축,"[""개인"",""가구 공동"",""보호자·가족"",""조직·사업체""]",11
DOM-11-DIM-12,DOM-11,engagement_participation,applicable,핵심 소비·사용 여정을 구성하는 공통축,"[""열람·이용"",""저장·반복"",""평가·공유"",""제작·참여""]",12
DOM-11-DIM-13,DOM-11,motivation_job,applicable,핵심 소비·사용 여정을 구성하는 공통축,"[""건강"",""성취"",""사회적 연결"",""야외 회복""]",13
DOM-11-DIM-14,DOM-11,barrier_risk_trust,applicable,핵심 소비·사용 여정을 구성하는 공통축,"[""부상 위험"",""시간 부족"",""장비 비용"",""날씨·접근성""]",14
DOM-11-DIM-15,DOM-11,loyalty_switching,applicable,핵심 소비·사용 여정을 구성하는 공통축,"[""단일 선호"",""복수 병행"",""가격·혜택 전환"",""휴면·이탈""]",15
DOM-11-DIM-16,DOM-11,spending_value,applicable,핵심 소비·사용 여정을 구성하는 공통축,"[""무지출"",""저가·가성비"",""중간 지출"",""프리미엄·고액""]",16
DOM-12-DIM-01,DOM-12,object,applicable,핵심 소비·사용 여정을 구성하는 공통축,"[""미술·공예"",""사진·영상"",""악기·공연"",""메이커·DIY""]",1
DOM-12-DIM-02,DOM-12,format,applicable,핵심 소비·사용 여정을 구성하는 공통축,"[""독학"",""온라인 강좌"",""오프라인 공방"",""프로젝트·전시""]",2
DOM-12-DIM-03,DOM-12,occasion,applicable,핵심 소비·사용 여정을 구성하는 공통축,"[""저녁 여가"",""주말 몰입"",""선물 제작"",""커뮤니티 행사""]",3
DOM-12-DIM-04,DOM-12,location,applicable,핵심 소비·사용 여정을 구성하는 공통축,"[""가정"",""직장·학교"",""이동 중"",""상업·공공 장소""]",4
DOM-12-DIM-05,DOM-12,frequency_intensity,applicable,핵심 소비·사용 여정을 구성하는 공통축,"[""거의 매일"",""주 1–4회"",""월 1–3회"",""비정기·휴면""]",5
DOM-12-DIM-06,DOM-12,discovery,applicable,핵심 소비·사용 여정을 구성하는 공통축,"[""직접 검색"",""알고리즘 추천"",""지인·커뮤니티"",""오프라인 노출""]",6
DOM-12-DIM-07,DOM-12,acquisition_access,applicable,핵심 소비·사용 여정을 구성하는 공통축,"[""직접 보유·구매"",""구독·회원권"",""플랫폼 중개"",""공공·공유 접근""]",7
DOM-12-DIM-08,DOM-12,consumption_mode,applicable,핵심 소비·사용 여정을 구성하는 공통축,"[""개인 창작"",""공동 제작"",""학습"",""판매·공유""]",8
DOM-12-DIM-09,DOM-12,device_channel_platform,applicable,핵심 소비·사용 여정을 구성하는 공통축,"[""모바일"",""PC·웹"",""오프라인 매장·시설"",""전문가·중개 채널""]",9
DOM-12-DIM-10,DOM-12,payment_monetization,applicable,핵심 소비·사용 여정을 구성하는 공통축,"[""무료 자료"",""재료 구매"",""수강료"",""작품 판매 재투자""]",10
DOM-12-DIM-11,DOM-12,decision_unit,applicable,핵심 소비·사용 여정을 구성하는 공통축,"[""개인"",""가구 공동"",""보호자·가족"",""조직·사업체""]",11
DOM-12-DIM-12,DOM-12,engagement_participation,applicable,핵심 소비·사용 여정을 구성하는 공통축,"[""열람·이용"",""저장·반복"",""평가·공유"",""제작·참여""]",12
DOM-12-DIM-13,DOM-12,motivation_job,applicable,핵심 소비·사용 여정을 구성하는 공통축,"[""자기표현"",""숙련"",""몰입·회복"",""사회적 인정""]",13
DOM-12-DIM-14,DOM-12,barrier_risk_trust,applicable,핵심 소비·사용 여정을 구성하는 공통축,"[""시간 부족"",""재료 비용"",""실력 불안"",""공간 부족""]",14
DOM-12-DIM-15,DOM-12,loyalty_switching,applicable,핵심 소비·사용 여정을 구성하는 공통축,"[""단일 선호"",""복수 병행"",""가격·혜택 전환"",""휴면·이탈""]",15
DOM-12-DIM-16,DOM-12,spending_value,applicable,핵심 소비·사용 여정을 구성하는 공통축,"[""무지출"",""저가·가성비"",""중간 지출"",""프리미엄·고액""]",16
DOM-13-DIM-01,DOM-13,object,applicable,핵심 소비·사용 여정을 구성하는 공통축,"[""사료·간식"",""건강·의료"",""미용·돌봄"",""놀이·동반여행""]",1
DOM-13-DIM-02,DOM-13,format,applicable,핵심 소비·사용 여정을 구성하는 공통축,"[""일상 양육"",""정기 관리"",""전문 서비스"",""커뮤니티 정보""]",2
DOM-13-DIM-03,DOM-13,occasion,applicable,핵심 소비·사용 여정을 구성하는 공통축,"[""매일 돌봄"",""건강 이상"",""외출·여행"",""생애주기 변화""]",3
DOM-13-DIM-04,DOM-13,location,applicable,핵심 소비·사용 여정을 구성하는 공통축,"[""가정"",""직장·학교"",""이동 중"",""상업·공공 장소""]",4
DOM-13-DIM-05,DOM-13,frequency_intensity,applicable,핵심 소비·사용 여정을 구성하는 공통축,"[""거의 매일"",""주 1–4회"",""월 1–3회"",""비정기·휴면""]",5
DOM-13-DIM-06,DOM-13,discovery,applicable,핵심 소비·사용 여정을 구성하는 공통축,"[""직접 검색"",""알고리즘 추천"",""지인·커뮤니티"",""오프라인 노출""]",6
DOM-13-DIM-07,DOM-13,acquisition_access,applicable,핵심 소비·사용 여정을 구성하는 공통축,"[""직접 보유·구매"",""구독·회원권"",""플랫폼 중개"",""공공·공유 접근""]",7
DOM-13-DIM-08,DOM-13,consumption_mode,applicable,핵심 소비·사용 여정을 구성하는 공통축,"[""가족 공동 돌봄"",""주양육자 중심"",""전문가 위탁"",""정보 공유""]",8
DOM-13-DIM-09,DOM-13,device_channel_platform,applicable,핵심 소비·사용 여정을 구성하는 공통축,"[""모바일"",""PC·웹"",""오프라인 매장·시설"",""전문가·중개 채널""]",9
DOM-13-DIM-10,DOM-13,payment_monetization,applicable,핵심 소비·사용 여정을 구성하는 공통축,"[""일상 구매"",""정기배송"",""보험·적립"",""고액 진료""]",10
DOM-13-DIM-11,DOM-13,decision_unit,applicable,핵심 소비·사용 여정을 구성하는 공통축,"[""개인"",""가구 공동"",""보호자·가족"",""조직·사업체""]",11
DOM-13-DIM-12,DOM-13,engagement_participation,applicable,핵심 소비·사용 여정을 구성하는 공통축,"[""열람·이용"",""저장·반복"",""평가·공유"",""제작·참여""]",12
DOM-13-DIM-13,DOM-13,motivation_job,applicable,핵심 소비·사용 여정을 구성하는 공통축,"[""동반자 관계"",""건강 보호"",""양육 편의"",""즐거운 활동""]",13
DOM-13-DIM-14,DOM-13,barrier_risk_trust,applicable,핵심 소비·사용 여정을 구성하는 공통축,"[""진료비 부담"",""품질 신뢰"",""돌봄 공백"",""이동 제약""]",14
DOM-13-DIM-15,DOM-13,loyalty_switching,applicable,핵심 소비·사용 여정을 구성하는 공통축,"[""단일 선호"",""복수 병행"",""가격·혜택 전환"",""휴면·이탈""]",15
DOM-13-DIM-16,DOM-13,spending_value,applicable,핵심 소비·사용 여정을 구성하는 공통축,"[""무지출"",""저가·가성비"",""중간 지출"",""프리미엄·고액""]",16
DOM-14-DIM-01,DOM-14,object,applicable,핵심 소비·사용 여정을 구성하는 공통축,"[""이사"",""청소·정리"",""수리·설비"",""인테리어·가구""]",1
DOM-14-DIM-02,DOM-14,format,applicable,핵심 소비·사용 여정을 구성하는 공통축,"[""직접 수행"",""단건 전문가"",""정기 서비스"",""통합 공사""]",2
DOM-14-DIM-03,DOM-14,occasion,applicable,핵심 소비·사용 여정을 구성하는 공통축,"[""입주·이사"",""고장 발생"",""계절 관리"",""가족 변화""]",3
DOM-14-DIM-04,DOM-14,location,applicable,핵심 소비·사용 여정을 구성하는 공통축,"[""가정"",""직장·학교"",""이동 중"",""상업·공공 장소""]",4
DOM-14-DIM-05,DOM-14,frequency_intensity,applicable,핵심 소비·사용 여정을 구성하는 공통축,"[""거의 매일"",""주 1–4회"",""월 1–3회"",""비정기·휴면""]",5
DOM-14-DIM-06,DOM-14,discovery,applicable,핵심 소비·사용 여정을 구성하는 공통축,"[""직접 검색"",""알고리즘 추천"",""지인·커뮤니티"",""오프라인 노출""]",6
DOM-14-DIM-07,DOM-14,acquisition_access,applicable,핵심 소비·사용 여정을 구성하는 공통축,"[""직접 보유·구매"",""구독·회원권"",""플랫폼 중개"",""공공·공유 접근""]",7
DOM-14-DIM-08,DOM-14,consumption_mode,applicable,핵심 소비·사용 여정을 구성하는 공통축,"[""견적 비교"",""신뢰업체 반복"",""플랫폼 중개"",""지인 추천""]",8
DOM-14-DIM-09,DOM-14,device_channel_platform,applicable,핵심 소비·사용 여정을 구성하는 공통축,"[""모바일"",""PC·웹"",""오프라인 매장·시설"",""전문가·중개 채널""]",9
DOM-14-DIM-10,DOM-14,payment_monetization,applicable,핵심 소비·사용 여정을 구성하는 공통축,"[""건별 결제"",""계약금·잔금"",""정기 결제"",""보험·보증 연계""]",10
DOM-14-DIM-11,DOM-14,decision_unit,applicable,핵심 소비·사용 여정을 구성하는 공통축,"[""개인"",""가구 공동"",""보호자·가족"",""조직·사업체""]",11
DOM-14-DIM-12,DOM-14,engagement_participation,applicable,핵심 소비·사용 여정을 구성하는 공통축,"[""열람·이용"",""저장·반복"",""평가·공유"",""제작·참여""]",12
DOM-14-DIM-13,DOM-14,motivation_job,applicable,핵심 소비·사용 여정을 구성하는 공통축,"[""안전"",""편의"",""공간 개선"",""자산 가치""]",13
DOM-14-DIM-14,DOM-14,barrier_risk_trust,applicable,핵심 소비·사용 여정을 구성하는 공통축,"[""업체 신뢰"",""가격 불투명"",""공사 지연"",""개인정보·출입 우려""]",14
DOM-14-DIM-15,DOM-14,loyalty_switching,applicable,핵심 소비·사용 여정을 구성하는 공통축,"[""단일 선호"",""복수 병행"",""가격·혜택 전환"",""휴면·이탈""]",15
DOM-14-DIM-16,DOM-14,spending_value,applicable,핵심 소비·사용 여정을 구성하는 공통축,"[""무지출"",""저가·가성비"",""중간 지출"",""프리미엄·고액""]",16
DOM-15-DIM-01,DOM-15,object,applicable,핵심 소비·사용 여정을 구성하는 공통축,"[""대중교통"",""승용차"",""택시·호출"",""자전거·퍼스널모빌리티""]",1
DOM-15-DIM-02,DOM-15,format,applicable,핵심 소비·사용 여정을 구성하는 공통축,"[""일상 통근"",""단거리 이동"",""장거리 운전"",""공유·대여""]",2
DOM-15-DIM-03,DOM-15,occasion,applicable,핵심 소비·사용 여정을 구성하는 공통축,"[""출퇴근"",""장보기·돌봄"",""주말 이동"",""여행""]",3
DOM-15-DIM-04,DOM-15,location,applicable,핵심 소비·사용 여정을 구성하는 공통축,"[""가정"",""직장·학교"",""이동 중"",""상업·공공 장소""]",4
DOM-15-DIM-05,DOM-15,frequency_intensity,applicable,핵심 소비·사용 여정을 구성하는 공통축,"[""거의 매일"",""주 1–4회"",""월 1–3회"",""비정기·휴면""]",5
DOM-15-DIM-06,DOM-15,discovery,applicable,핵심 소비·사용 여정을 구성하는 공통축,"[""직접 검색"",""알고리즘 추천"",""지인·커뮤니티"",""오프라인 노출""]",6
DOM-15-DIM-07,DOM-15,acquisition_access,applicable,핵심 소비·사용 여정을 구성하는 공통축,"[""직접 보유·구매"",""구독·회원권"",""플랫폼 중개"",""공공·공유 접근""]",7
DOM-15-DIM-08,DOM-15,consumption_mode,applicable,핵심 소비·사용 여정을 구성하는 공통축,"[""직접 운전"",""환승"",""호출"",""공유""]",8
DOM-15-DIM-09,DOM-15,device_channel_platform,applicable,핵심 소비·사용 여정을 구성하는 공통축,"[""모바일"",""PC·웹"",""오프라인 매장·시설"",""전문가·중개 채널""]",9
DOM-15-DIM-10,DOM-15,payment_monetization,applicable,핵심 소비·사용 여정을 구성하는 공통축,"[""교통카드"",""유류·충전"",""월 구독·리스"",""건별 호출""]",10
DOM-15-DIM-11,DOM-15,decision_unit,applicable,핵심 소비·사용 여정을 구성하는 공통축,"[""개인"",""가구 공동"",""보호자·가족"",""조직·사업체""]",11
DOM-15-DIM-12,DOM-15,engagement_participation,applicable,핵심 소비·사용 여정을 구성하는 공통축,"[""열람·이용"",""저장·반복"",""평가·공유"",""제작·참여""]",12
DOM-15-DIM-13,DOM-15,motivation_job,applicable,핵심 소비·사용 여정을 구성하는 공통축,"[""시간 절약"",""비용 절감"",""접근성"",""친환경""]",13
DOM-15-DIM-14,DOM-15,barrier_risk_trust,applicable,핵심 소비·사용 여정을 구성하는 공통축,"[""교통비"",""안전"",""주차·충전"",""배차·환승 불확실""]",14
DOM-15-DIM-15,DOM-15,loyalty_switching,applicable,핵심 소비·사용 여정을 구성하는 공통축,"[""단일 선호"",""복수 병행"",""가격·혜택 전환"",""휴면·이탈""]",15
DOM-15-DIM-16,DOM-15,spending_value,applicable,핵심 소비·사용 여정을 구성하는 공통축,"[""무지출"",""저가·가성비"",""중간 지출"",""프리미엄·고액""]",16
DOM-16-DIM-01,DOM-16,object,applicable,핵심 소비·사용 여정을 구성하는 공통축,"[""학교교육"",""직무·자격 학습"",""언어 학습"",""취미·교양 학습""]",1
DOM-16-DIM-02,DOM-16,format,applicable,핵심 소비·사용 여정을 구성하는 공통축,"[""교실 수업"",""온라인 강의"",""개별 지도"",""자율 학습""]",2
DOM-16-DIM-03,DOM-16,occasion,applicable,핵심 소비·사용 여정을 구성하는 공통축,"[""정규 학기"",""시험 준비"",""전직 준비"",""방학·여가""]",3
DOM-16-DIM-04,DOM-16,location,applicable,핵심 소비·사용 여정을 구성하는 공통축,"[""가정"",""직장·학교"",""이동 중"",""상업·공공 장소""]",4
DOM-16-DIM-05,DOM-16,frequency_intensity,applicable,핵심 소비·사용 여정을 구성하는 공통축,"[""거의 매일"",""주 1–4회"",""월 1–3회"",""비정기·휴면""]",5
DOM-16-DIM-06,DOM-16,discovery,applicable,핵심 소비·사용 여정을 구성하는 공통축,"[""직접 검색"",""알고리즘 추천"",""지인·커뮤니티"",""오프라인 노출""]",6
DOM-16-DIM-07,DOM-16,acquisition_access,applicable,핵심 소비·사용 여정을 구성하는 공통축,"[""직접 보유·구매"",""구독·회원권"",""플랫폼 중개"",""공공·공유 접근""]",7
DOM-16-DIM-08,DOM-16,consumption_mode,applicable,핵심 소비·사용 여정을 구성하는 공통축,"[""학습자 주도"",""교사 지도"",""부모 지원"",""동료 학습""]",8
DOM-16-DIM-09,DOM-16,device_channel_platform,applicable,핵심 소비·사용 여정을 구성하는 공통축,"[""모바일"",""PC·웹"",""오프라인 매장·시설"",""전문가·중개 채널""]",9
DOM-16-DIM-10,DOM-16,payment_monetization,applicable,핵심 소비·사용 여정을 구성하는 공통축,"[""공교육·무료"",""월 수강료"",""단과 구매"",""기업·정부 지원""]",10
DOM-16-DIM-11,DOM-16,decision_unit,applicable,핵심 소비·사용 여정을 구성하는 공통축,"[""개인"",""가구 공동"",""보호자·가족"",""조직·사업체""]",11
DOM-16-DIM-12,DOM-16,engagement_participation,applicable,핵심 소비·사용 여정을 구성하는 공통축,"[""열람·이용"",""저장·반복"",""평가·공유"",""제작·참여""]",12
DOM-16-DIM-13,DOM-16,motivation_job,applicable,핵심 소비·사용 여정을 구성하는 공통축,"[""성취"",""진학·경력"",""자기효능"",""사회 참여""]",13
DOM-16-DIM-14,DOM-16,barrier_risk_trust,applicable,핵심 소비·사용 여정을 구성하는 공통축,"[""비용"",""시간"",""학습 품질"",""중도 이탈""]",14
DOM-16-DIM-15,DOM-16,loyalty_switching,applicable,핵심 소비·사용 여정을 구성하는 공통축,"[""단일 선호"",""복수 병행"",""가격·혜택 전환"",""휴면·이탈""]",15
DOM-16-DIM-16,DOM-16,spending_value,applicable,핵심 소비·사용 여정을 구성하는 공통축,"[""무지출"",""저가·가성비"",""중간 지출"",""프리미엄·고액""]",16
DOM-17-DIM-01,DOM-17,object,applicable,핵심 소비·사용 여정을 구성하는 공통축,"[""보육"",""생활 돌봄"",""놀이·발달"",""교육 의사결정""]",1
DOM-17-DIM-02,DOM-17,format,applicable,핵심 소비·사용 여정을 구성하는 공통축,"[""가정 돌봄"",""공공기관"",""민간 서비스"",""가족 분담""]",2
DOM-17-DIM-03,DOM-17,occasion,applicable,핵심 소비·사용 여정을 구성하는 공통축,"[""평일 일과"",""등하원"",""방학"",""긴급 돌봄""]",3
DOM-17-DIM-04,DOM-17,location,applicable,핵심 소비·사용 여정을 구성하는 공통축,"[""가정"",""직장·학교"",""이동 중"",""상업·공공 장소""]",4
DOM-17-DIM-05,DOM-17,frequency_intensity,applicable,핵심 소비·사용 여정을 구성하는 공통축,"[""거의 매일"",""주 1–4회"",""월 1–3회"",""비정기·휴면""]",5
DOM-17-DIM-06,DOM-17,discovery,applicable,핵심 소비·사용 여정을 구성하는 공통축,"[""직접 검색"",""알고리즘 추천"",""지인·커뮤니티"",""오프라인 노출""]",6
DOM-17-DIM-07,DOM-17,acquisition_access,applicable,핵심 소비·사용 여정을 구성하는 공통축,"[""직접 보유·구매"",""구독·회원권"",""플랫폼 중개"",""공공·공유 접근""]",7
DOM-17-DIM-08,DOM-17,consumption_mode,applicable,핵심 소비·사용 여정을 구성하는 공통축,"[""보호자 직접"",""기관 위탁"",""가족 지원"",""공동육아""]",8
DOM-17-DIM-09,DOM-17,device_channel_platform,applicable,핵심 소비·사용 여정을 구성하는 공통축,"[""모바일"",""PC·웹"",""오프라인 매장·시설"",""전문가·중개 채널""]",9
DOM-17-DIM-10,DOM-17,payment_monetization,applicable,핵심 소비·사용 여정을 구성하는 공통축,"[""공공 지원"",""월 이용료"",""건별 돌봄"",""교육·용품 구매""]",10
DOM-17-DIM-11,DOM-17,decision_unit,applicable,핵심 소비·사용 여정을 구성하는 공통축,"[""개인"",""가구 공동"",""보호자·가족"",""조직·사업체""]",11
DOM-17-DIM-12,DOM-17,engagement_participation,applicable,핵심 소비·사용 여정을 구성하는 공통축,"[""열람·이용"",""저장·반복"",""평가·공유"",""제작·참여""]",12
DOM-17-DIM-13,DOM-17,motivation_job,applicable,핵심 소비·사용 여정을 구성하는 공통축,"[""안전"",""발달 지원"",""일·가정 양립"",""부모 부담 완화""]",13
DOM-17-DIM-14,DOM-17,barrier_risk_trust,applicable,핵심 소비·사용 여정을 구성하는 공통축,"[""안전 신뢰"",""비용"",""대기·공급 부족"",""정보 비대칭""]",14
DOM-17-DIM-15,DOM-17,loyalty_switching,applicable,핵심 소비·사용 여정을 구성하는 공통축,"[""단일 선호"",""복수 병행"",""가격·혜택 전환"",""휴면·이탈""]",15
DOM-17-DIM-16,DOM-17,spending_value,applicable,핵심 소비·사용 여정을 구성하는 공통축,"[""무지출"",""저가·가성비"",""중간 지출"",""프리미엄·고액""]",16
DOM-18-DIM-01,DOM-18,object,applicable,핵심 소비·사용 여정을 구성하는 공통축,"[""예방 건강"",""만성 관리"",""정신 웰니스"",""가족 돌봄""]",1
DOM-18-DIM-02,DOM-18,format,applicable,핵심 소비·사용 여정을 구성하는 공통축,"[""자가 관리"",""의료기관"",""디지털 모니터링"",""방문·재가 돌봄""]",2
DOM-18-DIM-03,DOM-18,occasion,applicable,핵심 소비·사용 여정을 구성하는 공통축,"[""정기 관리"",""증상 발생"",""회복기"",""돌봄 공백""]",3
DOM-18-DIM-04,DOM-18,location,applicable,핵심 소비·사용 여정을 구성하는 공통축,"[""가정"",""직장·학교"",""이동 중"",""상업·공공 장소""]",4
DOM-18-DIM-05,DOM-18,frequency_intensity,applicable,핵심 소비·사용 여정을 구성하는 공통축,"[""거의 매일"",""주 1–4회"",""월 1–3회"",""비정기·휴면""]",5
DOM-18-DIM-06,DOM-18,discovery,applicable,핵심 소비·사용 여정을 구성하는 공통축,"[""직접 검색"",""알고리즘 추천"",""지인·커뮤니티"",""오프라인 노출""]",6
DOM-18-DIM-07,DOM-18,acquisition_access,applicable,핵심 소비·사용 여정을 구성하는 공통축,"[""직접 보유·구매"",""구독·회원권"",""플랫폼 중개"",""공공·공유 접근""]",7
DOM-18-DIM-08,DOM-18,consumption_mode,applicable,핵심 소비·사용 여정을 구성하는 공통축,"[""개인 결정"",""가족 공동결정"",""전문가 지도"",""보호자 대리""]",8
DOM-18-DIM-09,DOM-18,device_channel_platform,applicable,핵심 소비·사용 여정을 구성하는 공통축,"[""모바일"",""PC·웹"",""오프라인 매장·시설"",""전문가·중개 채널""]",9
DOM-18-DIM-10,DOM-18,payment_monetization,applicable,핵심 소비·사용 여정을 구성하는 공통축,"[""건강보험"",""본인부담"",""민간보험"",""구독·프로그램""]",10
DOM-18-DIM-11,DOM-18,decision_unit,applicable,핵심 소비·사용 여정을 구성하는 공통축,"[""개인"",""가구 공동"",""보호자·가족"",""조직·사업체""]",11
DOM-18-DIM-12,DOM-18,engagement_participation,applicable,핵심 소비·사용 여정을 구성하는 공통축,"[""열람·이용"",""저장·반복"",""평가·공유"",""제작·참여""]",12
DOM-18-DIM-13,DOM-18,motivation_job,applicable,핵심 소비·사용 여정을 구성하는 공통축,"[""예방"",""증상 완화"",""자립 유지"",""돌봄 부담 완화""]",13
DOM-18-DIM-14,DOM-18,barrier_risk_trust,applicable,핵심 소비·사용 여정을 구성하는 공통축,"[""의료정보 신뢰"",""비용"",""접근성"",""민감정보 우려""]",14
DOM-18-DIM-15,DOM-18,loyalty_switching,applicable,핵심 소비·사용 여정을 구성하는 공통축,"[""단일 선호"",""복수 병행"",""가격·혜택 전환"",""휴면·이탈""]",15
DOM-18-DIM-16,DOM-18,spending_value,applicable,핵심 소비·사용 여정을 구성하는 공통축,"[""무지출"",""저가·가성비"",""중간 지출"",""프리미엄·고액""]",16
DOM-19-DIM-01,DOM-19,object,applicable,핵심 소비·사용 여정을 구성하는 공통축,"[""저축·예금"",""투자"",""신용·대출"",""보험·보장""]",1
DOM-19-DIM-02,DOM-19,format,applicable,핵심 소비·사용 여정을 구성하는 공통축,"[""정기 관리"",""목표 기반"",""상담"",""자동화""]",2
DOM-19-DIM-03,DOM-19,occasion,applicable,핵심 소비·사용 여정을 구성하는 공통축,"[""급여일"",""목돈 계획"",""위험 사건"",""생애 전환""]",3
DOM-19-DIM-04,DOM-19,location,applicable,핵심 소비·사용 여정을 구성하는 공통축,"[""가정"",""직장·학교"",""이동 중"",""상업·공공 장소""]",4
DOM-19-DIM-05,DOM-19,frequency_intensity,applicable,핵심 소비·사용 여정을 구성하는 공통축,"[""거의 매일"",""주 1–4회"",""월 1–3회"",""비정기·휴면""]",5
DOM-19-DIM-06,DOM-19,discovery,applicable,핵심 소비·사용 여정을 구성하는 공통축,"[""직접 검색"",""알고리즘 추천"",""지인·커뮤니티"",""오프라인 노출""]",6
DOM-19-DIM-07,DOM-19,acquisition_access,applicable,핵심 소비·사용 여정을 구성하는 공통축,"[""직접 보유·구매"",""구독·회원권"",""플랫폼 중개"",""공공·공유 접근""]",7
DOM-19-DIM-08,DOM-19,consumption_mode,applicable,핵심 소비·사용 여정을 구성하는 공통축,"[""개인 결정"",""가구 공동결정"",""전문가 자문"",""디지털 자기관리""]",8
DOM-19-DIM-09,DOM-19,device_channel_platform,applicable,핵심 소비·사용 여정을 구성하는 공통축,"[""모바일"",""PC·웹"",""오프라인 매장·시설"",""전문가·중개 채널""]",9
DOM-19-DIM-10,DOM-19,payment_monetization,applicable,핵심 소비·사용 여정을 구성하는 공통축,"[""수수료 없음"",""정액 수수료"",""거래 수수료"",""보험료·이자""]",10
DOM-19-DIM-11,DOM-19,decision_unit,applicable,핵심 소비·사용 여정을 구성하는 공통축,"[""개인"",""가구 공동"",""보호자·가족"",""조직·사업체""]",11
DOM-19-DIM-12,DOM-19,engagement_participation,applicable,핵심 소비·사용 여정을 구성하는 공통축,"[""열람·이용"",""저장·반복"",""평가·공유"",""제작·참여""]",12
DOM-19-DIM-13,DOM-19,motivation_job,applicable,핵심 소비·사용 여정을 구성하는 공통축,"[""안전성"",""수익 추구"",""현금흐름 관리"",""위험 보호""]",13
DOM-19-DIM-14,DOM-19,barrier_risk_trust,applicable,핵심 소비·사용 여정을 구성하는 공통축,"[""손실 위험"",""복잡성"",""기관 신뢰"",""개인정보 우려""]",14
DOM-19-DIM-15,DOM-19,loyalty_switching,applicable,핵심 소비·사용 여정을 구성하는 공통축,"[""단일 선호"",""복수 병행"",""가격·혜택 전환"",""휴면·이탈""]",15
DOM-19-DIM-16,DOM-19,spending_value,applicable,핵심 소비·사용 여정을 구성하는 공통축,"[""무지출"",""저가·가성비"",""중간 지출"",""프리미엄·고액""]",16
DOM-20-DIM-01,DOM-20,object,applicable,핵심 소비·사용 여정을 구성하는 공통축,"[""노후소득"",""건강·요양"",""주거 전환"",""사회 참여""]",1
DOM-20-DIM-02,DOM-20,format,applicable,핵심 소비·사용 여정을 구성하는 공통축,"[""자가 계획"",""가족 협의"",""전문 상담"",""지역 서비스""]",2
DOM-20-DIM-03,DOM-20,occasion,applicable,핵심 소비·사용 여정을 구성하는 공통축,"[""은퇴 전"",""은퇴 직후"",""건강 변화"",""돌봄 전환""]",3
DOM-20-DIM-04,DOM-20,location,applicable,핵심 소비·사용 여정을 구성하는 공통축,"[""가정"",""직장·학교"",""이동 중"",""상업·공공 장소""]",4
DOM-20-DIM-05,DOM-20,frequency_intensity,applicable,핵심 소비·사용 여정을 구성하는 공통축,"[""거의 매일"",""주 1–4회"",""월 1–3회"",""비정기·휴면""]",5
DOM-20-DIM-06,DOM-20,discovery,applicable,핵심 소비·사용 여정을 구성하는 공통축,"[""직접 검색"",""알고리즘 추천"",""지인·커뮤니티"",""오프라인 노출""]",6
DOM-20-DIM-07,DOM-20,acquisition_access,applicable,핵심 소비·사용 여정을 구성하는 공통축,"[""직접 보유·구매"",""구독·회원권"",""플랫폼 중개"",""공공·공유 접근""]",7
DOM-20-DIM-08,DOM-20,consumption_mode,applicable,핵심 소비·사용 여정을 구성하는 공통축,"[""본인 주도"",""부부 공동"",""자녀 지원"",""전문가 위임""]",8
DOM-20-DIM-09,DOM-20,device_channel_platform,applicable,핵심 소비·사용 여정을 구성하는 공통축,"[""모바일"",""PC·웹"",""오프라인 매장·시설"",""전문가·중개 채널""]",9
DOM-20-DIM-10,DOM-20,payment_monetization,applicable,핵심 소비·사용 여정을 구성하는 공통축,"[""공적 급여"",""개인 자산"",""보험"",""가족 분담""]",10
DOM-20-DIM-11,DOM-20,decision_unit,applicable,핵심 소비·사용 여정을 구성하는 공통축,"[""개인"",""가구 공동"",""보호자·가족"",""조직·사업체""]",11
DOM-20-DIM-12,DOM-20,engagement_participation,applicable,핵심 소비·사용 여정을 구성하는 공통축,"[""열람·이용"",""저장·반복"",""평가·공유"",""제작·참여""]",12
DOM-20-DIM-13,DOM-20,motivation_job,applicable,핵심 소비·사용 여정을 구성하는 공통축,"[""자립"",""안정"",""관계 유지"",""존엄한 돌봄""]",13
DOM-20-DIM-14,DOM-20,barrier_risk_trust,applicable,핵심 소비·사용 여정을 구성하는 공통축,"[""디지털 접근"",""소득 불안"",""서비스 신뢰"",""가족 조율""]",14
DOM-20-DIM-15,DOM-20,loyalty_switching,applicable,핵심 소비·사용 여정을 구성하는 공통축,"[""단일 선호"",""복수 병행"",""가격·혜택 전환"",""휴면·이탈""]",15
DOM-20-DIM-16,DOM-20,spending_value,applicable,핵심 소비·사용 여정을 구성하는 공통축,"[""무지출"",""저가·가성비"",""중간 지출"",""프리미엄·고액""]",16
DOM-21-DIM-01,DOM-21,object,applicable,핵심 소비·사용 여정을 구성하는 공통축,"[""스마트폰"",""PC·태블릿"",""웨어러블·스마트홈"",""생성형 AI""]",1
DOM-21-DIM-02,DOM-21,format,applicable,핵심 소비·사용 여정을 구성하는 공통축,"[""일상 도구"",""업무 도구"",""창작 도구"",""자동화""]",2
DOM-21-DIM-03,DOM-21,occasion,applicable,핵심 소비·사용 여정을 구성하는 공통축,"[""업무"",""학습"",""생활 관리"",""여가·창작""]",3
DOM-21-DIM-04,DOM-21,location,applicable,핵심 소비·사용 여정을 구성하는 공통축,"[""가정"",""직장·학교"",""이동 중"",""상업·공공 장소""]",4
DOM-21-DIM-05,DOM-21,frequency_intensity,applicable,핵심 소비·사용 여정을 구성하는 공통축,"[""거의 매일"",""주 1–4회"",""월 1–3회"",""비정기·휴면""]",5
DOM-21-DIM-06,DOM-21,discovery,applicable,핵심 소비·사용 여정을 구성하는 공통축,"[""직접 검색"",""알고리즘 추천"",""지인·커뮤니티"",""오프라인 노출""]",6
DOM-21-DIM-07,DOM-21,acquisition_access,applicable,핵심 소비·사용 여정을 구성하는 공통축,"[""직접 보유·구매"",""구독·회원권"",""플랫폼 중개"",""공공·공유 접근""]",7
DOM-21-DIM-08,DOM-21,consumption_mode,applicable,핵심 소비·사용 여정을 구성하는 공통축,"[""수동 사용"",""추천 활용"",""대화형 보조"",""자동 실행""]",8
DOM-21-DIM-09,DOM-21,device_channel_platform,applicable,핵심 소비·사용 여정을 구성하는 공통축,"[""모바일"",""PC·웹"",""오프라인 매장·시설"",""전문가·중개 채널""]",9
DOM-21-DIM-10,DOM-21,payment_monetization,applicable,핵심 소비·사용 여정을 구성하는 공통축,"[""기기 구매"",""소프트웨어 구독"",""무료 서비스"",""기업 제공""]",10
DOM-21-DIM-11,DOM-21,decision_unit,applicable,핵심 소비·사용 여정을 구성하는 공통축,"[""개인"",""가구 공동"",""보호자·가족"",""조직·사업체""]",11
DOM-21-DIM-12,DOM-21,engagement_participation,applicable,핵심 소비·사용 여정을 구성하는 공통축,"[""열람·이용"",""저장·반복"",""평가·공유"",""제작·참여""]",12
DOM-21-DIM-13,DOM-21,motivation_job,applicable,핵심 소비·사용 여정을 구성하는 공통축,"[""생산성"",""편의"",""창작"",""새 기술 탐색""]",13
DOM-21-DIM-14,DOM-21,barrier_risk_trust,applicable,핵심 소비·사용 여정을 구성하는 공통축,"[""개인정보"",""정확성"",""학습 부담"",""기기·구독 비용""]",14
DOM-21-DIM-15,DOM-21,loyalty_switching,applicable,핵심 소비·사용 여정을 구성하는 공통축,"[""단일 선호"",""복수 병행"",""가격·혜택 전환"",""휴면·이탈""]",15
DOM-21-DIM-16,DOM-21,spending_value,applicable,핵심 소비·사용 여정을 구성하는 공통축,"[""무지출"",""저가·가성비"",""중간 지출"",""프리미엄·고액""]",16
DOM-22-DIM-01,DOM-22,object,applicable,핵심 소비·사용 여정을 구성하는 공통축,"[""친구 네트워크"",""관심 커뮤니티"",""크리에이터 콘텐츠"",""직접 제작""]",1
DOM-22-DIM-02,DOM-22,format,applicable,핵심 소비·사용 여정을 구성하는 공통축,"[""피드"",""숏폼"",""라이브"",""게시물·뉴스레터""]",2
DOM-22-DIM-03,DOM-22,occasion,applicable,핵심 소비·사용 여정을 구성하는 공통축,"[""틈새 시간"",""정보 탐색"",""관계 유지"",""창작·홍보""]",3
DOM-22-DIM-04,DOM-22,location,applicable,핵심 소비·사용 여정을 구성하는 공통축,"[""가정"",""직장·학교"",""이동 중"",""상업·공공 장소""]",4
DOM-22-DIM-05,DOM-22,frequency_intensity,applicable,핵심 소비·사용 여정을 구성하는 공통축,"[""거의 매일"",""주 1–4회"",""월 1–3회"",""비정기·휴면""]",5
DOM-22-DIM-06,DOM-22,discovery,applicable,핵심 소비·사용 여정을 구성하는 공통축,"[""직접 검색"",""알고리즘 추천"",""지인·커뮤니티"",""오프라인 노출""]",6
DOM-22-DIM-07,DOM-22,acquisition_access,applicable,핵심 소비·사용 여정을 구성하는 공통축,"[""직접 보유·구매"",""구독·회원권"",""플랫폼 중개"",""공공·공유 접근""]",7
DOM-22-DIM-08,DOM-22,consumption_mode,applicable,핵심 소비·사용 여정을 구성하는 공통축,"[""수동 열람"",""댓글·공유"",""커뮤니티 참여"",""제작·수익화""]",8
DOM-22-DIM-09,DOM-22,device_channel_platform,applicable,핵심 소비·사용 여정을 구성하는 공통축,"[""모바일"",""PC·웹"",""오프라인 매장·시설"",""전문가·중개 채널""]",9
DOM-22-DIM-10,DOM-22,payment_monetization,applicable,핵심 소비·사용 여정을 구성하는 공통축,"[""무료·광고형"",""구독·멤버십"",""후원"",""브랜드 협업""]",10
DOM-22-DIM-11,DOM-22,decision_unit,applicable,핵심 소비·사용 여정을 구성하는 공통축,"[""개인"",""가구 공동"",""보호자·가족"",""조직·사업체""]",11
DOM-22-DIM-12,DOM-22,engagement_participation,applicable,핵심 소비·사용 여정을 구성하는 공통축,"[""열람·이용"",""저장·반복"",""평가·공유"",""제작·참여""]",12
DOM-22-DIM-13,DOM-22,motivation_job,applicable,핵심 소비·사용 여정을 구성하는 공통축,"[""관계"",""정보 발견"",""자기표현"",""인정·수익""]",13
DOM-22-DIM-14,DOM-22,barrier_risk_trust,applicable,핵심 소비·사용 여정을 구성하는 공통축,"[""피로·중독"",""허위정보"",""괴롭힘"",""개인정보""]",14
DOM-22-DIM-15,DOM-22,loyalty_switching,applicable,핵심 소비·사용 여정을 구성하는 공통축,"[""단일 선호"",""복수 병행"",""가격·혜택 전환"",""휴면·이탈""]",15
DOM-22-DIM-16,DOM-22,spending_value,applicable,핵심 소비·사용 여정을 구성하는 공통축,"[""무지출"",""저가·가성비"",""중간 지출"",""프리미엄·고액""]",16
DOM-23-DIM-01,DOM-23,object,applicable,핵심 소비·사용 여정을 구성하는 공통축,"[""구직·이직"",""직무 수행"",""전문성 개발"",""네트워킹""]",1
DOM-23-DIM-02,DOM-23,format,applicable,핵심 소비·사용 여정을 구성하는 공통축,"[""채용 플랫폼"",""업무 도구"",""교육·자격"",""행사·커뮤니티""]",2
DOM-23-DIM-03,DOM-23,occasion,applicable,핵심 소비·사용 여정을 구성하는 공통축,"[""취업 전환"",""성과 주기"",""프로젝트"",""승진·전직""]",3
DOM-23-DIM-04,DOM-23,location,applicable,핵심 소비·사용 여정을 구성하는 공통축,"[""가정"",""직장·학교"",""이동 중"",""상업·공공 장소""]",4
DOM-23-DIM-05,DOM-23,frequency_intensity,applicable,핵심 소비·사용 여정을 구성하는 공통축,"[""거의 매일"",""주 1–4회"",""월 1–3회"",""비정기·휴면""]",5
DOM-23-DIM-06,DOM-23,discovery,applicable,핵심 소비·사용 여정을 구성하는 공통축,"[""직접 검색"",""알고리즘 추천"",""지인·커뮤니티"",""오프라인 노출""]",6
DOM-23-DIM-07,DOM-23,acquisition_access,applicable,핵심 소비·사용 여정을 구성하는 공통축,"[""직접 보유·구매"",""구독·회원권"",""플랫폼 중개"",""공공·공유 접근""]",7
DOM-23-DIM-08,DOM-23,consumption_mode,applicable,핵심 소비·사용 여정을 구성하는 공통축,"[""개인 탐색"",""조직 지원"",""멘토링"",""전문가 협업""]",8
DOM-23-DIM-09,DOM-23,device_channel_platform,applicable,핵심 소비·사용 여정을 구성하는 공통축,"[""모바일"",""PC·웹"",""오프라인 매장·시설"",""전문가·중개 채널""]",9
DOM-23-DIM-10,DOM-23,payment_monetization,applicable,핵심 소비·사용 여정을 구성하는 공통축,"[""무료"",""개인 결제"",""회사 지원"",""성과 연계""]",10
DOM-23-DIM-11,DOM-23,decision_unit,applicable,핵심 소비·사용 여정을 구성하는 공통축,"[""개인"",""가구 공동"",""보호자·가족"",""조직·사업체""]",11
DOM-23-DIM-12,DOM-23,engagement_participation,applicable,핵심 소비·사용 여정을 구성하는 공통축,"[""열람·이용"",""저장·반복"",""평가·공유"",""제작·참여""]",12
DOM-23-DIM-13,DOM-23,motivation_job,applicable,핵심 소비·사용 여정을 구성하는 공통축,"[""성장"",""안정"",""의미"",""보상""]",13
DOM-23-DIM-14,DOM-23,barrier_risk_trust,applicable,핵심 소비·사용 여정을 구성하는 공통축,"[""시간 부족"",""정보 비대칭"",""비용"",""차별·프라이버시""]",14
DOM-23-DIM-15,DOM-23,loyalty_switching,applicable,핵심 소비·사용 여정을 구성하는 공통축,"[""단일 선호"",""복수 병행"",""가격·혜택 전환"",""휴면·이탈""]",15
DOM-23-DIM-16,DOM-23,spending_value,applicable,핵심 소비·사용 여정을 구성하는 공통축,"[""무지출"",""저가·가성비"",""중간 지출"",""프리미엄·고액""]",16
DOM-24-DIM-01,DOM-24,object,applicable,핵심 소비·사용 여정을 구성하는 공통축,"[""매장 운영"",""온라인 존재"",""주문·결제"",""고객 관리""]",1
DOM-24-DIM-02,DOM-24,format,applicable,핵심 소비·사용 여정을 구성하는 공통축,"[""오프라인 수기"",""플랫폼 입점"",""자체 웹·예약"",""운영 자동화""]",2
DOM-24-DIM-03,DOM-24,occasion,applicable,핵심 소비·사용 여정을 구성하는 공통축,"[""창업"",""일상 영업"",""매출 부진"",""승계·전환""]",3
DOM-24-DIM-04,DOM-24,location,applicable,핵심 소비·사용 여정을 구성하는 공통축,"[""가정"",""직장·학교"",""이동 중"",""상업·공공 장소""]",4
DOM-24-DIM-05,DOM-24,frequency_intensity,applicable,핵심 소비·사용 여정을 구성하는 공통축,"[""거의 매일"",""주 1–4회"",""월 1–3회"",""비정기·휴면""]",5
DOM-24-DIM-06,DOM-24,discovery,applicable,핵심 소비·사용 여정을 구성하는 공통축,"[""직접 검색"",""알고리즘 추천"",""지인·커뮤니티"",""오프라인 노출""]",6
DOM-24-DIM-07,DOM-24,acquisition_access,applicable,핵심 소비·사용 여정을 구성하는 공통축,"[""직접 보유·구매"",""구독·회원권"",""플랫폼 중개"",""공공·공유 접근""]",7
DOM-24-DIM-08,DOM-24,consumption_mode,applicable,핵심 소비·사용 여정을 구성하는 공통축,"[""대표자 직접"",""가족 지원"",""직원 담당"",""외부 대행""]",8
DOM-24-DIM-09,DOM-24,device_channel_platform,applicable,핵심 소비·사용 여정을 구성하는 공통축,"[""모바일"",""PC·웹"",""오프라인 매장·시설"",""전문가·중개 채널""]",9
DOM-24-DIM-10,DOM-24,payment_monetization,applicable,핵심 소비·사용 여정을 구성하는 공통축,"[""무료 도구"",""건별 수수료"",""월 구독"",""구축 프로젝트""]",10
DOM-24-DIM-11,DOM-24,decision_unit,applicable,핵심 소비·사용 여정을 구성하는 공통축,"[""개인"",""가구 공동"",""보호자·가족"",""조직·사업체""]",11
DOM-24-DIM-12,DOM-24,engagement_participation,applicable,핵심 소비·사용 여정을 구성하는 공통축,"[""열람·이용"",""저장·반복"",""평가·공유"",""제작·참여""]",12
DOM-24-DIM-13,DOM-24,motivation_job,applicable,핵심 소비·사용 여정을 구성하는 공통축,"[""신규 고객"",""운영 효율"",""매출 안정"",""승계 가능성""]",13
DOM-24-DIM-14,DOM-24,barrier_risk_trust,applicable,핵심 소비·사용 여정을 구성하는 공통축,"[""디지털 학습 부담"",""수수료·비용"",""플랫폼 종속"",""개인·사업정보 보안""]",14
DOM-24-DIM-15,DOM-24,loyalty_switching,applicable,핵심 소비·사용 여정을 구성하는 공통축,"[""단일 선호"",""복수 병행"",""가격·혜택 전환"",""휴면·이탈""]",15
DOM-24-DIM-16,DOM-24,spending_value,applicable,핵심 소비·사용 여정을 구성하는 공통축,"[""무지출"",""저가·가성비"",""중간 지출"",""프리미엄·고액""]",16
