subtype_id,domain_id,cluster_id,hierarchy_id,subtype_code,name_ko,definition,is_primary,label_status,evidence_boundary,weighted_prevalence_low,weighted_prevalence_base,weighted_prevalence_high,effective_sample_size,entropy,stability_score,hard_support,confidence_score,confidence_grade
DOM-01-SUB-01,DOM-01,DOM-01-CLU-01,H-DOM-01-CLU-01,music_audio.subtype_01,기분 조절 중심 음악·오디오,기분 조절 동기와 군집 대비어를 바탕으로 군집 적합 후 명명한 primary subtype,true,post_hoc_interpreted,관측: 합성 성인 내러티브·구조 필드와 공식 보정가중치. 추론: 동기 라벨. 실재 개인의 속성으로 간주 금지.,0.13651546507372858,0.2137100124976643,0.2909045599216,220.92874492504632,0.06615394119051485,0.3528105848469716,214,54,D
DOM-01-SUB-02,DOM-01,DOM-01-CLU-02,H-DOM-01-CLU-02,music_audio.subtype_02,새 음악 발견 중심 음악·오디오,새 음악 발견 동기와 군집 대비어를 바탕으로 군집 적합 후 명명한 primary subtype,true,post_hoc_interpreted,관측: 합성 성인 내러티브·구조 필드와 공식 보정가중치. 추론: 동기 라벨. 실재 개인의 속성으로 간주 금지.,0.5370737366800012,0.6189634968226058,0.7008532569652103,635.4446371514229,0.06615394119051485,0.3528105848469716,613,56,C
DOM-01-SUB-03,DOM-01,DOM-01-CLU-03,H-DOM-01-CLU-03,music_audio.subtype_03,정체성 표현 중심 음악·오디오,정체성 표현 동기와 군집 대비어를 바탕으로 군집 적합 후 명명한 primary subtype,true,post_hoc_interpreted,관측: 합성 성인 내러티브·구조 필드와 공식 보정가중치. 추론: 동기 라벨. 실재 개인의 속성으로 간주 금지.,0.0,0.047744638987519364,0.11274189132926307,48.902867911890766,0.06615394119051485,0.3528105848469716,49,51,D
DOM-01-SUB-04,DOM-01,DOM-01-CLU-04,H-DOM-01-CLU-04,music_audio.subtype_04,아티스트 지지 중심 음악·오디오,아티스트 지지 동기와 군집 대비어를 바탕으로 군집 적합 후 명명한 primary subtype,true,post_hoc_interpreted,관측: 합성 성인 내러티브·구조 필드와 공식 보정가중치. 추론: 동기 라벨. 실재 개인의 속성으로 간주 금지.,0.04768621006015049,0.11958185169221075,0.191477493324271,131.54349913755095,0.06615394119051485,0.3528105848469716,124,53,D
DOM-02-SUB-01,DOM-02,DOM-02-CLU-01,H-DOM-02-CLU-01,video_ott.subtype_01,서사 몰입 중심 영상·OTT,서사 몰입 동기와 군집 대비어를 바탕으로 군집 적합 후 명명한 primary subtype,true,post_hoc_interpreted,관측: 합성 성인 내러티브·구조 필드와 공식 보정가중치. 추론: 동기 라벨. 실재 개인의 속성으로 간주 금지.,0.30642584440562015,0.36073731008825755,0.41504877577089494,391.773230871808,0.14101348602138253,0.6933319457160971,377,47,D
DOM-02-SUB-02,DOM-02,DOM-02-CLU-02,H-DOM-02-CLU-02,video_ott.subtype_02,휴식 중심 영상·OTT,휴식 동기와 군집 대비어를 바탕으로 군집 적합 후 명명한 primary subtype,true,post_hoc_interpreted,관측: 합성 성인 내러티브·구조 필드와 공식 보정가중치. 추론: 동기 라벨. 실재 개인의 속성으로 간주 금지.,0.4683978176064418,0.5239007399848301,0.5794036623632185,559.8782653210197,0.14101348602138253,0.6933319457160971,517,47,D
DOM-02-SUB-03,DOM-02,DOM-02-CLU-03,H-DOM-02-CLU-03,video_ott.subtype_03,화제 참여 중심 영상·OTT,화제 참여 동기와 군집 대비어를 바탕으로 군집 적합 후 명명한 primary subtype,true,post_hoc_interpreted,관측: 합성 성인 내러티브·구조 필드와 공식 보정가중치. 추론: 동기 라벨. 실재 개인의 속성으로 간주 금지.,0.0710189501901608,0.11536194992691243,0.15970494966366405,136.1925463369359,0.14101348602138253,0.6933319457160971,106,45,D
DOM-03-SUB-01,DOM-03,DOM-03-CLU-01,H-DOM-03-CLU-01,gaming_esports.subtype_01,성취 중심 게임·e스포츠,성취 동기와 군집 대비어를 바탕으로 군집 적합 후 명명한 primary subtype,true,post_hoc_interpreted,관측: 합성 성인 내러티브·구조 필드와 공식 보정가중치. 추론: 동기 라벨. 실재 개인의 속성으로 간주 금지.,0.3007223130406821,0.36304597470153416,0.4253696363623862,385.12971945790946,0.07729516878932427,0.5937015024519127,352,45,D
DOM-03-SUB-02,DOM-03,DOM-03-CLU-02,H-DOM-03-CLU-02,gaming_esports.subtype_02,사회적 연결 중심 게임·e스포츠,사회적 연결 동기와 군집 대비어를 바탕으로 군집 적합 후 명명한 primary subtype,true,post_hoc_interpreted,관측: 합성 성인 내러티브·구조 필드와 공식 보정가중치. 추론: 동기 라벨. 실재 개인의 속성으로 간주 금지.,0.0,0.04440689623119439,0.08968490567179598,47.425977383403485,0.07729516878932427,0.5937015024519127,43,41,D
DOM-03-SUB-03,DOM-03,DOM-03-CLU-03,H-DOM-03-CLU-03,gaming_esports.subtype_03,도피·휴식 중심 게임·e스포츠,도피·휴식 동기와 군집 대비어를 바탕으로 군집 적합 후 명명한 primary subtype,true,post_hoc_interpreted,관측: 합성 성인 내러티브·구조 필드와 공식 보정가중치. 추론: 동기 라벨. 실재 개인의 속성으로 간주 금지.,0.529573439260161,0.5925471290672717,0.6555208188743824,609.4411114622701,0.07729516878932427,0.5937015024519127,605,46,D
DOM-04-SUB-01,DOM-04,DOM-04-CLU-01,H-DOM-04-CLU-01,reading_webtoon.subtype_01,지식 습득 중심 독서·웹툰,지식 습득 동기와 군집 대비어를 바탕으로 군집 적합 후 명명한 primary subtype,true,post_hoc_interpreted,관측: 합성 성인 내러티브·구조 필드와 공식 보정가중치. 추론: 동기 라벨. 실재 개인의 속성으로 간주 금지.,0.30901842164835586,0.39311198345671794,0.47720554526508,437.13957721259715,0.19420900057614698,0.3274315506707835,384,40,D
DOM-04-SUB-02,DOM-04,DOM-04-CLU-02,H-DOM-04-CLU-02,reading_webtoon.subtype_02,서사 몰입 중심 독서·웹툰,서사 몰입 동기와 군집 대비어를 바탕으로 군집 적합 후 명명한 primary subtype,true,post_hoc_interpreted,관측: 합성 성인 내러티브·구조 필드와 공식 보정가중치. 추론: 동기 라벨. 실재 개인의 속성으로 간주 금지.,0.15439137398302616,0.23446823816652768,0.3145451023500292,261.3026298246839,0.19420900057614698,0.3274315506707835,239,39,D
DOM-04-SUB-03,DOM-04,DOM-04-CLU-03,H-DOM-04-CLU-03,reading_webtoon.subtype_03,자기계발 중심 독서·웹툰,자기계발 동기와 군집 대비어를 바탕으로 군집 적합 후 명명한 primary subtype,true,post_hoc_interpreted,관측: 합성 성인 내러티브·구조 필드와 공식 보정가중치. 추론: 동기 라벨. 실재 개인의 속성으로 간주 금지.,0.28863576796460955,0.37241977837675455,0.45620378878889956,428.588640217903,0.19420900057614698,0.3274315506707835,377,40,D
DOM-05-SUB-01,DOM-05,DOM-05-CLU-01,H-DOM-05-CLU-01,culture_events.subtype_01,문화 향유 중심 문화예술·행사,문화 향유 동기와 군집 대비어를 바탕으로 군집 적합 후 명명한 primary subtype,true,post_hoc_interpreted,관측: 합성 성인 내러티브·구조 필드와 공식 보정가중치. 추론: 동기 라벨. 실재 개인의 속성으로 간주 금지.,0.22531478708443098,0.2934504830710732,0.3615861790577154,345.9644973430983,0.2510096475044595,0.5012547595259967,286,43,D
DOM-05-SUB-02,DOM-05,DOM-05-CLU-02,H-DOM-05-CLU-02,culture_events.subtype_02,새로움 중심 문화예술·행사,새로움 동기와 군집 대비어를 바탕으로 군집 적합 후 명명한 primary subtype,true,post_hoc_interpreted,관측: 합성 성인 내러티브·구조 필드와 공식 보정가중치. 추론: 동기 라벨. 실재 개인의 속성으로 간주 금지.,0.27384224483799613,0.3431827335969389,0.4125232223558817,400.0617135558016,0.2510096475044595,0.5012547595259967,355,43,D
DOM-05-SUB-03,DOM-05,DOM-05-CLU-03,H-DOM-05-CLU-03,culture_events.subtype_03,사회적 교류 중심 문화예술·행사,사회적 교류 동기와 군집 대비어를 바탕으로 군집 적합 후 명명한 primary subtype,true,post_hoc_interpreted,관측: 합성 성인 내러티브·구조 필드와 공식 보정가중치. 추론: 동기 라벨. 실재 개인의 속성으로 간주 금지.,0.293641996222414,0.36336678333198796,0.43309157044156193,418.9573715310062,0.2510096475044595,0.5012547595259967,359,43,D
DOM-06-SUB-01,DOM-06,DOM-06-CLU-01,H-DOM-06-CLU-01,grocery_home_meals.subtype_01,가족 건강 중심 식료품·가정식,가족 건강 동기와 군집 대비어를 바탕으로 군집 적합 후 명명한 primary subtype,true,post_hoc_interpreted,관측: 합성 성인 내러티브·구조 필드와 공식 보정가중치. 추론: 동기 라벨. 실재 개인의 속성으로 간주 금지.,0.09915103145843632,0.18384487962469992,0.26853872779096355,197.04118736868799,0.1804056787540447,0.24157854573998824,189,37,D
DOM-06-SUB-02,DOM-06,DOM-06-CLU-02,H-DOM-06-CLU-02,grocery_home_meals.subtype_02,예산 관리 중심 식료품·가정식,예산 관리 동기와 군집 대비어를 바탕으로 군집 적합 후 명명한 primary subtype,true,post_hoc_interpreted,관측: 합성 성인 내러티브·구조 필드와 공식 보정가중치. 추론: 동기 라벨. 실재 개인의 속성으로 간주 금지.,0.3954997976018927,0.487168411606348,0.5788370256108033,535.6012298975867,0.1804056787540447,0.24157854573998824,494,38,D
DOM-06-SUB-03,DOM-06,DOM-06-CLU-03,H-DOM-06-CLU-03,grocery_home_meals.subtype_03,조리 편의 중심 식료품·가정식,조리 편의 동기와 군집 대비어를 바탕으로 군집 적합 후 명명한 primary subtype,true,post_hoc_interpreted,관측: 합성 성인 내러티브·구조 필드와 공식 보정가중치. 추론: 동기 라벨. 실재 개인의 속성으로 간주 금지.,0.1841455045459567,0.2724266817240082,0.3607078589020597,329.3406527544725,0.1804056787540447,0.24157854573998824,260,38,D
DOM-06-SUB-04,DOM-06,DOM-06-CLU-04,H-DOM-06-CLU-04,grocery_home_meals.subtype_04,신선도·품질 중심 식료품·가정식,신선도·품질 동기와 군집 대비어를 바탕으로 군집 적합 후 명명한 primary subtype,true,post_hoc_interpreted,관측: 합성 성인 내러티브·구조 필드와 공식 보정가중치. 추론: 동기 라벨. 실재 개인의 속성으로 간주 금지.,0.0,0.056560027044943915,0.1315581025949997,56.91874239878593,0.1804056787540447,0.24157854573998824,57,35,D
DOM-07-SUB-01,DOM-07,DOM-07-CLU-01,H-DOM-07-CLU-01,dining_delivery_cafe.subtype_01,편의 중심 외식·배달·카페,편의 동기와 군집 대비어를 바탕으로 군집 적합 후 명명한 primary subtype,true,post_hoc_interpreted,관측: 합성 성인 내러티브·구조 필드와 공식 보정가중치. 추론: 동기 라벨. 실재 개인의 속성으로 간주 금지.,0.0369626573762306,0.10653929115155018,0.17611592492686978,113.02474931744693,0.14975590899775384,0.3694376271639368,111,38,D
DOM-07-SUB-02,DOM-07,DOM-07-CLU-02,H-DOM-07-CLU-02,dining_delivery_cafe.subtype_02,맛 탐색 중심 외식·배달·카페,맛 탐색 동기와 군집 대비어를 바탕으로 군집 적합 후 명명한 primary subtype,true,post_hoc_interpreted,관측: 합성 성인 내러티브·구조 필드와 공식 보정가중치. 추론: 동기 라벨. 실재 개인의 속성으로 간주 금지.,0.22200988134045385,0.3008954569055809,0.37978103247070794,335.18074390781135,0.14975590899775384,0.3694376271639368,305,40,D
DOM-07-SUB-03,DOM-07,DOM-07-CLU-03,H-DOM-07-CLU-03,dining_delivery_cafe.subtype_03,사회적 교류 중심 외식·배달·카페,사회적 교류 동기와 군집 대비어를 바탕으로 군집 적합 후 명명한 primary subtype,true,post_hoc_interpreted,관측: 합성 성인 내러티브·구조 필드와 공식 보정가중치. 추론: 동기 라벨. 실재 개인의 속성으로 간주 금지.,0.03478501722772656,0.10417303419904358,0.1735610511703606,110.25901133880758,0.14975590899775384,0.3694376271639368,107,38,D
DOM-07-SUB-04,DOM-07,DOM-07-CLU-04,H-DOM-07-CLU-04,dining_delivery_cafe.subtype_04,보상·기분전환 중심 외식·배달·카페,보상·기분전환 동기와 군집 대비어를 바탕으로 군집 적합 후 명명한 primary subtype,true,post_hoc_interpreted,관측: 합성 성인 내러티브·구조 필드와 공식 보정가중치. 추론: 동기 라벨. 실재 개인의 속성으로 간주 금지.,0.3164477129708492,0.39723563481978474,0.47802355666872026,431.8348477950237,0.14975590899775384,0.3694376271639368,388,40,D
DOM-07-SUB-05,DOM-07,DOM-07-CLU-05,H-DOM-07-CLU-05,dining_delivery_cafe.subtype_05,편의 중심 외식·배달·카페,편의 동기와 군집 대비어를 바탕으로 군집 적합 후 명명한 primary subtype,true,post_hoc_interpreted,관측: 합성 성인 내러티브·구조 필드와 공식 보정가중치. 추론: 동기 라벨. 실재 개인의 속성으로 간주 금지.,0.02286323747775415,0.09115658292404052,0.1594499283703269,102.34438119971449,0.14975590899775384,0.3694376271639368,89,38,D
DOM-08-SUB-01,DOM-08,DOM-08-CLU-01,H-DOM-08-CLU-01,fashion_resale.subtype_01,자기표현 중심 패션·리셀,자기표현 동기와 군집 대비어를 바탕으로 군집 적합 후 명명한 primary subtype,true,post_hoc_interpreted,관측: 합성 성인 내러티브·구조 필드와 공식 보정가중치. 추론: 동기 라벨. 실재 개인의 속성으로 간주 금지.,0.5694225280629502,0.6490968526818679,0.7287711773007856,656.023530885931,0.045496318669146656,0.37587277062986185,642,42,D
DOM-08-SUB-02,DOM-08,DOM-08-CLU-02,H-DOM-08-CLU-02,fashion_resale.subtype_02,기능성 중심 패션·리셀,기능성 동기와 군집 대비어를 바탕으로 군집 적합 후 명명한 primary subtype,true,post_hoc_interpreted,관측: 합성 성인 내러티브·구조 필드와 공식 보정가중치. 추론: 동기 라벨. 실재 개인의 속성으로 간주 금지.,0.14096245483179198,0.21656393988034425,0.2921654249288965,223.7107122161562,0.045496318669146656,0.37587277062986185,214,40,D
DOM-08-SUB-03,DOM-08,DOM-08-CLU-03,H-DOM-08-CLU-03,fashion_resale.subtype_03,희소성 중심 패션·리셀,희소성 동기와 군집 대비어를 바탕으로 군집 적합 후 명명한 primary subtype,true,post_hoc_interpreted,관측: 합성 성인 내러티브·구조 필드와 공식 보정가중치. 추론: 동기 라벨. 실재 개인의 속성으로 간주 금지.,0.06315563038067679,0.13433920743778777,0.20552278449489875,133.8677374753496,0.045496318669146656,0.37587277062986185,134,39,D
DOM-09-SUB-01,DOM-09,DOM-09-CLU-01,H-DOM-09-CLU-01,beauty_personal_care.subtype_01,건강한 외관 중심 뷰티·개인관리,건강한 외관 동기와 군집 대비어를 바탕으로 군집 적합 후 명명한 primary subtype,true,post_hoc_interpreted,관측: 합성 성인 내러티브·구조 필드와 공식 보정가중치. 추론: 동기 라벨. 실재 개인의 속성으로 간주 금지.,0.0,0.05946386086520526,0.13170450027169592,60.3935871655168,0.06361970147238069,0.2803039380120267,59,36,D
DOM-09-SUB-02,DOM-09,DOM-09-CLU-02,H-DOM-09-CLU-02,beauty_personal_care.subtype_02,자기표현 중심 뷰티·개인관리,자기표현 동기와 군집 대비어를 바탕으로 군집 적합 후 명명한 primary subtype,true,post_hoc_interpreted,관측: 합성 성인 내러티브·구조 필드와 공식 보정가중치. 추론: 동기 라벨. 실재 개인의 속성으로 간주 금지.,0.5186820438079603,0.6065508715663943,0.6944196993248283,624.2904909841324,0.06361970147238069,0.2803039380120267,602,40,D
DOM-09-SUB-03,DOM-09,DOM-09-CLU-03,H-DOM-09-CLU-03,beauty_personal_care.subtype_03,문제 해결 중심 뷰티·개인관리,문제 해결 동기와 군집 대비어를 바탕으로 군집 적합 후 명명한 primary subtype,true,post_hoc_interpreted,관측: 합성 성인 내러티브·구조 필드와 공식 보정가중치. 추론: 동기 라벨. 실재 개인의 속성으로 간주 금지.,0.04446665182617886,0.12236355757283567,0.2002604633194925,131.2687563844426,0.06361970147238069,0.2803039380120267,127,37,D
DOM-09-SUB-04,DOM-09,DOM-09-CLU-04,H-DOM-09-CLU-04,beauty_personal_care.subtype_04,휴식·돌봄 중심 뷰티·개인관리,휴식·돌봄 동기와 군집 대비어를 바탕으로 군집 적합 후 명명한 primary subtype,true,post_hoc_interpreted,관측: 합성 성인 내러티브·구조 필드와 공식 보정가중치. 추론: 동기 라벨. 실재 개인의 속성으로 간주 금지.,0.0,0.05963222313802586,0.13189229411130976,61.07900335628008,0.06361970147238069,0.2803039380120267,61,36,D
DOM-09-SUB-05,DOM-09,DOM-09-CLU-05,H-DOM-09-CLU-05,beauty_personal_care.subtype_05,건강한 외관 중심 뷰티·개인관리,건강한 외관 동기와 군집 대비어를 바탕으로 군집 적합 후 명명한 primary subtype,true,post_hoc_interpreted,관측: 합성 성인 내러티브·구조 필드와 공식 보정가중치. 추론: 동기 라벨. 실재 개인의 속성으로 간주 금지.,0.07215130790407495,0.1519894868575392,0.23182766581100347,159.04321304322394,0.06361970147238069,0.2803039380120267,151,37,D
DOM-10-SUB-01,DOM-10,DOM-10-CLU-01,H-DOM-10-CLU-01,travel_hospitality.subtype_01,일상 탈출 중심 여행·숙박,일상 탈출 동기와 군집 대비어를 바탕으로 군집 적합 후 명명한 primary subtype,true,post_hoc_interpreted,관측: 합성 성인 내러티브·구조 필드와 공식 보정가중치. 추론: 동기 라벨. 실재 개인의 속성으로 간주 금지.,0.5099679570992387,0.606727573423351,0.7034871897474634,630.0347705338907,0.07904448598179752,0.16913389616580587,614,37,D
DOM-10-SUB-02,DOM-10,DOM-10-CLU-02,H-DOM-10-CLU-02,travel_hospitality.subtype_02,관계 강화 중심 여행·숙박,관계 강화 동기와 군집 대비어를 바탕으로 군집 적합 후 명명한 primary subtype,true,post_hoc_interpreted,관측: 합성 성인 내러티브·구조 필드와 공식 보정가중치. 추론: 동기 라벨. 실재 개인의 속성으로 간주 금지.,0.033537078297464606,0.12016944852085071,0.2068018187442368,127.52064660636329,0.07904448598179752,0.16913389616580587,124,34,E
DOM-10-SUB-03,DOM-10,DOM-10-CLU-03,H-DOM-10-CLU-03,travel_hospitality.subtype_03,문화 탐색 중심 여행·숙박,문화 탐색 동기와 군집 대비어를 바탕으로 군집 적합 후 명명한 primary subtype,true,post_hoc_interpreted,관측: 합성 성인 내러티브·구조 필드와 공식 보정가중치. 추론: 동기 라벨. 실재 개인의 속성으로 간주 금지.,0.00410507130389598,0.088155429587096,0.17220578787029603,86.77437336812926,0.07904448598179752,0.16913389616580587,84,33,E
DOM-10-SUB-04,DOM-10,DOM-10-CLU-04,H-DOM-10-CLU-04,travel_hospitality.subtype_04,휴식 중심 여행·숙박,휴식 동기와 군집 대비어를 바탕으로 군집 적합 후 명명한 primary subtype,true,post_hoc_interpreted,관측: 합성 성인 내러티브·구조 필드와 공식 보정가중치. 추론: 동기 라벨. 실재 개인의 속성으로 간주 금지.,0.0,0.04629863783764709,0.12579811377837657,46.191074220366815,0.07904448598179752,0.16913389616580587,46,32,E
DOM-10-SUB-05,DOM-10,DOM-10-CLU-05,H-DOM-10-CLU-05,travel_hospitality.subtype_05,일상 탈출 중심 여행·숙박,일상 탈출 동기와 군집 대비어를 바탕으로 군집 적합 후 명명한 primary subtype,true,post_hoc_interpreted,관측: 합성 성인 내러티브·구조 필드와 공식 보정가중치. 추론: 동기 라벨. 실재 개인의 속성으로 간주 금지.,0.050750287245182435,0.13864891063105517,0.2265475340169279,152.5319082346011,0.07904448598179752,0.16913389616580587,132,34,E
DOM-11-SUB-01,DOM-11,DOM-11-CLU-01,H-DOM-11-CLU-01,sports_outdoor.subtype_01,건강 중심 스포츠·아웃도어,건강 동기와 군집 대비어를 바탕으로 군집 적합 후 명명한 primary subtype,true,post_hoc_interpreted,관측: 합성 성인 내러티브·구조 필드와 공식 보정가중치. 추론: 동기 라벨. 실재 개인의 속성으로 간주 금지.,0.01386475883402144,0.08715723401270925,0.16044970919139706,86.66208137446677,0.13928592119750602,0.3024797316339519,86,36,D
DOM-11-SUB-02,DOM-11,DOM-11-CLU-02,H-DOM-11-CLU-02,sports_outdoor.subtype_02,성취 중심 스포츠·아웃도어,성취 동기와 군집 대비어를 바탕으로 군집 적합 후 명명한 primary subtype,true,post_hoc_interpreted,관측: 합성 성인 내러티브·구조 필드와 공식 보정가중치. 추론: 동기 라벨. 실재 개인의 속성으로 간주 금지.,0.1184402571621159,0.19899918712514764,0.27955811708817935,205.33333684705033,0.13928592119750602,0.3024797316339519,196,38,D
DOM-11-SUB-03,DOM-11,DOM-11-CLU-03,H-DOM-11-CLU-03,sports_outdoor.subtype_03,사회적 연결 중심 스포츠·아웃도어,사회적 연결 동기와 군집 대비어를 바탕으로 군집 적합 후 명명한 primary subtype,true,post_hoc_interpreted,관측: 합성 성인 내러티브·구조 필드와 공식 보정가중치. 추론: 동기 라벨. 실재 개인의 속성으로 간주 금지.,0.0,0.06547785389957442,0.13661869676500982,67.95657795813176,0.13928592119750602,0.3024797316339519,67,36,D
DOM-11-SUB-04,DOM-11,DOM-11-CLU-04,H-DOM-11-CLU-04,sports_outdoor.subtype_04,야외 회복 중심 스포츠·아웃도어,야외 회복 동기와 군집 대비어를 바탕으로 군집 적합 후 명명한 primary subtype,true,post_hoc_interpreted,관측: 합성 성인 내러티브·구조 필드와 공식 보정가중치. 추론: 동기 라벨. 실재 개인의 속성으로 간주 금지.,0.3352170843413217,0.42164055426851943,0.5080640241957172,461.35525556264884,0.13928592119750602,0.3024797316339519,417,39,D
DOM-11-SUB-05,DOM-11,DOM-11-CLU-05,H-DOM-11-CLU-05,sports_outdoor.subtype_05,건강 중심 스포츠·아웃도어,건강 동기와 군집 대비어를 바탕으로 군집 적합 후 명명한 primary subtype,true,post_hoc_interpreted,관측: 합성 성인 내러티브·구조 필드와 공식 보정가중치. 추론: 동기 라벨. 실재 개인의 속성으로 간주 금지.,0.1449591603899038,0.22672517069404927,0.3084911809981947,267.7200203065736,0.13928592119750602,0.3024797316339519,234,38,D
DOM-12-SUB-01,DOM-12,DOM-12-CLU-01,H-DOM-12-CLU-01,hobbies_creation.subtype_01,자기표현 중심 취미·창작,자기표현 동기와 군집 대비어를 바탕으로 군집 적합 후 명명한 primary subtype,true,post_hoc_interpreted,관측: 합성 성인 내러티브·구조 필드와 공식 보정가중치. 추론: 동기 라벨. 실재 개인의 속성으로 간주 금지.,0.5551717489922109,0.6180156625772018,0.6808595761621926,650.5791757525901,0.10114624130017225,0.5910641923519209,626,46,D
DOM-12-SUB-02,DOM-12,DOM-12-CLU-02,H-DOM-12-CLU-02,hobbies_creation.subtype_02,숙련 중심 취미·창작,숙련 동기와 군집 대비어를 바탕으로 군집 적합 후 명명한 primary subtype,true,post_hoc_interpreted,관측: 합성 성인 내러티브·구조 필드와 공식 보정가중치. 추론: 동기 라벨. 실재 개인의 속성으로 간주 금지.,0.010959939325784311,0.05819173468858125,0.1054235300513782,60.87763235250224,0.10114624130017225,0.5910641923519209,60,42,D
DOM-12-SUB-03,DOM-12,DOM-12-CLU-03,H-DOM-12-CLU-03,hobbies_creation.subtype_03,몰입·회복 중심 취미·창작,몰입·회복 동기와 군집 대비어를 바탕으로 군집 적합 후 명명한 primary subtype,true,post_hoc_interpreted,관측: 합성 성인 내러티브·구조 필드와 공식 보정가중치. 추론: 동기 라벨. 실재 개인의 속성으로 간주 금지.,0.26206181949449014,0.3237926027342169,0.38552338597394364,352.81689459293125,0.10114624130017225,0.5910641923519209,314,45,D
DOM-13-SUB-01,DOM-13,DOM-13-CLU-01,H-DOM-13-CLU-01,pets.subtype_01,동반자 관계 중심 반려동물,동반자 관계 동기와 군집 대비어를 바탕으로 군집 적합 후 명명한 primary subtype,true,post_hoc_interpreted,관측: 합성 성인 내러티브·구조 필드와 공식 보정가중치. 추론: 동기 라벨. 실재 개인의 속성으로 간주 금지.,0.3411838057208497,0.42786985717409903,0.5145559086273483,470.11756050108283,0.11970918572894461,0.2999318395287362,431,39,D
DOM-13-SUB-02,DOM-13,DOM-13-CLU-02,H-DOM-13-CLU-02,pets.subtype_02,건강 보호 중심 반려동물,건강 보호 동기와 군집 대비어를 바탕으로 군집 적합 후 명명한 primary subtype,true,post_hoc_interpreted,관측: 합성 성인 내러티브·구조 필드와 공식 보정가중치. 추론: 동기 라벨. 실재 개인의 속성으로 간주 금지.,0.08712435318542347,0.16621439134132435,0.24530442949722522,168.59177784308037,0.11970918572894461,0.2999318395287362,164,37,D
DOM-13-SUB-03,DOM-13,DOM-13-CLU-03,H-DOM-13-CLU-03,pets.subtype_03,양육 편의 중심 반려동물,양육 편의 동기와 군집 대비어를 바탕으로 군집 적합 후 명명한 primary subtype,true,post_hoc_interpreted,관측: 합성 성인 내러티브·구조 필드와 공식 보정가중치. 추론: 동기 라벨. 실재 개인의 속성으로 간주 금지.,0.21934780718586808,0.3038733576853381,0.38839890818480804,327.3639618129266,0.11970918572894461,0.2999318395287362,300,39,D
DOM-13-SUB-04,DOM-13,DOM-13-CLU-04,H-DOM-13-CLU-04,pets.subtype_04,즐거운 활동 중심 반려동물,즐거운 활동 동기와 군집 대비어를 바탕으로 군집 적합 후 명명한 primary subtype,true,post_hoc_interpreted,관측: 합성 성인 내러티브·구조 필드와 공식 보정가중치. 추론: 동기 라벨. 실재 개인의 속성으로 간주 금지.,0.027266312908411125,0.10204239379923859,0.17681847469006606,108.16027664462972,0.11970918572894461,0.2999318395287362,105,37,D
DOM-14-SUB-01,DOM-14,DOM-14-CLU-01,H-DOM-14-CLU-01,housing_home_services.subtype_01,안전 중심 주거·홈서비스,안전 동기와 군집 대비어를 바탕으로 군집 적합 후 명명한 primary subtype,true,post_hoc_interpreted,관측: 합성 성인 내러티브·구조 필드와 공식 보정가중치. 추론: 동기 라벨. 실재 개인의 속성으로 간주 금지.,0.2762340591633317,0.35488177927714,0.43352949939094826,405.79731950054907,0.2615631493801542,0.38778468906923064,348,41,D
DOM-14-SUB-02,DOM-14,DOM-14-CLU-02,H-DOM-14-CLU-02,housing_home_services.subtype_02,편의 중심 주거·홈서비스,편의 동기와 군집 대비어를 바탕으로 군집 적합 후 명명한 primary subtype,true,post_hoc_interpreted,관측: 합성 성인 내러티브·구조 필드와 공식 보정가중치. 추론: 동기 라벨. 실재 개인의 속성으로 간주 금지.,0.255611673977685,0.3338317060267397,0.4120517380757944,417.41034954810857,0.2615631493801542,0.38778468906923064,336,41,D
DOM-14-SUB-03,DOM-14,DOM-14-CLU-03,H-DOM-14-CLU-03,housing_home_services.subtype_03,공간 개선 중심 주거·홈서비스,공간 개선 동기와 군집 대비어를 바탕으로 군집 적합 후 명명한 primary subtype,true,post_hoc_interpreted,관측: 합성 성인 내러티브·구조 필드와 공식 보정가중치. 추론: 동기 라벨. 실재 개인의 속성으로 간주 금지.,0.23359733664613064,0.3112865146961205,0.3889756927461104,356.21716224778197,0.2615631493801542,0.38778468906923064,316,41,D
DOM-15-SUB-01,DOM-15,DOM-15-CLU-01,H-DOM-15-CLU-01,mobility_automotive.subtype_01,시간 절약 중심 모빌리티·자동차,시간 절약 동기와 군집 대비어를 바탕으로 군집 적합 후 명명한 primary subtype,true,post_hoc_interpreted,관측: 합성 성인 내러티브·구조 필드와 공식 보정가중치. 추론: 동기 라벨. 실재 개인의 속성으로 간주 금지.,0.5480962537649376,0.621118086743355,0.6941399197217724,630.4235086826316,0.025317052682392205,0.46324637903045623,622,43,D
DOM-15-SUB-02,DOM-15,DOM-15-CLU-02,H-DOM-15-CLU-02,mobility_automotive.subtype_02,비용 절감 중심 모빌리티·자동차,비용 절감 동기와 군집 대비어를 바탕으로 군집 적합 후 명명한 primary subtype,true,post_hoc_interpreted,관측: 합성 성인 내러티브·구조 필드와 공식 보정가중치. 추론: 동기 라벨. 실재 개인의 속성으로 간주 금지.,0.1534185644450613,0.22213523028975352,0.29085189613444573,220.6153859078552,0.025317052682392205,0.46324637903045623,218,41,D
DOM-15-SUB-03,DOM-15,DOM-15-CLU-03,H-DOM-15-CLU-03,mobility_automotive.subtype_03,접근성 중심 모빌리티·자동차,접근성 동기와 군집 대비어를 바탕으로 군집 적합 후 명명한 primary subtype,true,post_hoc_interpreted,관측: 합성 성인 내러티브·구조 필드와 공식 보정가중치. 추론: 동기 라벨. 실재 개인의 속성으로 간주 금지.,0.09126196131724798,0.15674668296689157,0.22223140461653515,163.32364989259113,0.025317052682392205,0.46324637903045623,160,40,D
DOM-16-SUB-01,DOM-16,DOM-16-CLU-01,H-DOM-16-CLU-01,education_learning.subtype_01,성취 중심 교육·학습,성취 동기와 군집 대비어를 바탕으로 군집 적합 후 명명한 primary subtype,true,post_hoc_interpreted,관측: 합성 성인 내러티브·구조 필드와 공식 보정가중치. 추론: 동기 라벨. 실재 개인의 속성으로 간주 금지.,0.0813765165583489,0.1491944070433843,0.2170122975284197,164.8343386683774,0.1220464046825822,0.4284383020032274,144,40,D
DOM-16-SUB-02,DOM-16,DOM-16-CLU-02,H-DOM-16-CLU-02,education_learning.subtype_02,진학·경력 중심 교육·학습,진학·경력 동기와 군집 대비어를 바탕으로 군집 적합 후 명명한 primary subtype,true,post_hoc_interpreted,관측: 합성 성인 내러티브·구조 필드와 공식 보정가중치. 추론: 동기 라벨. 실재 개인의 속성으로 간주 금지.,0.03704462378960492,0.10149560553932997,0.16594658728905504,106.40740179719346,0.1220464046825822,0.4284383020032274,104,40,D
DOM-16-SUB-03,DOM-16,DOM-16-CLU-03,H-DOM-16-CLU-03,education_learning.subtype_03,자기효능 중심 교육·학습,자기효능 동기와 군집 대비어를 바탕으로 군집 적합 후 명명한 primary subtype,true,post_hoc_interpreted,관측: 합성 성인 내러티브·구조 필드와 공식 보정가중치. 추론: 동기 라벨. 실재 개인의 속성으로 간주 금지.,0.28329308410712944,0.3587603344117065,0.4342275847162836,385.2690973623468,0.1220464046825822,0.4284383020032274,349,42,D
DOM-16-SUB-04,DOM-16,DOM-16-CLU-04,H-DOM-16-CLU-04,education_learning.subtype_04,사회 참여 중심 교육·학습,사회 참여 동기와 군집 대비어를 바탕으로 군집 적합 후 명명한 primary subtype,true,post_hoc_interpreted,관측: 합성 성인 내러티브·구조 필드와 공식 보정가중치. 추론: 동기 라벨. 실재 개인의 속성으로 간주 금지.,0.0031384290873969767,0.0640455467319385,0.12495266437648003,64.11736194533619,0.1220464046825822,0.4284383020032274,64,39,D
DOM-16-SUB-05,DOM-16,DOM-16-CLU-05,H-DOM-16-CLU-05,education_learning.subtype_05,성취 중심 교육·학습,성취 동기와 군집 대비어를 바탕으로 군집 적합 후 명명한 primary subtype,true,post_hoc_interpreted,관측: 합성 성인 내러티브·구조 필드와 공식 보정가중치. 추론: 동기 라벨. 실재 개인의 속성으로 간주 금지.,0.0419265013178063,0.10680412493594209,0.17168174855407786,111.4109949093124,0.1220464046825822,0.4284383020032274,110,40,D
DOM-16-SUB-06,DOM-16,DOM-16-CLU-06,H-DOM-16-CLU-06,education_learning.subtype_06,진학·경력 중심 교육·학습,진학·경력 동기와 군집 대비어를 바탕으로 군집 적합 후 명명한 primary subtype,true,post_hoc_interpreted,관측: 합성 성인 내러티브·구조 필드와 공식 보정가중치. 추론: 동기 라벨. 실재 개인의 속성으로 간주 금지.,0.14830017981942126,0.21969998133769858,0.29109978285597593,241.85353631182485,0.1220464046825822,0.4284383020032274,229,41,D
DOM-17-SUB-01,DOM-17,DOM-17-CLU-01,H-DOM-17-CLU-01,parenting_childcare.subtype_01,안전 중심 양육·보육,안전 동기와 군집 대비어를 바탕으로 군집 적합 후 명명한 primary subtype,true,post_hoc_interpreted,관측: 합성 성인 내러티브·구조 필드와 공식 보정가중치. 추론: 동기 라벨. 실재 개인의 속성으로 간주 금지.,0.3318952266239792,0.413293020404687,0.49469081418539484,451.2657675338129,0.11502070596108771,0.36421911825966163,416,40,D
DOM-17-SUB-02,DOM-17,DOM-17-CLU-02,H-DOM-17-CLU-02,parenting_childcare.subtype_02,발달 지원 중심 양육·보육,발달 지원 동기와 군집 대비어를 바탕으로 군집 적합 후 명명한 primary subtype,true,post_hoc_interpreted,관측: 합성 성인 내러티브·구조 필드와 공식 보정가중치. 추론: 동기 라벨. 실재 개인의 속성으로 간주 금지.,0.22852287898284138,0.3080137201977832,0.38750456141272505,328.1566075920573,0.11502070596108771,0.36421911825966163,309,40,D
DOM-17-SUB-03,DOM-17,DOM-17-CLU-03,H-DOM-17-CLU-03,parenting_childcare.subtype_03,일·가정 양립 중심 양육·보육,일·가정 양립 동기와 군집 대비어를 바탕으로 군집 적합 후 명명한 primary subtype,true,post_hoc_interpreted,관측: 합성 성인 내러티브·구조 필드와 공식 보정가중치. 추론: 동기 라벨. 실재 개인의 속성으로 간주 금지.,0.2000281456412816,0.27869325939753,0.3573583731537784,289.3137173672868,0.11502070596108771,0.36421911825966163,275,39,D
DOM-18-SUB-01,DOM-18,DOM-18-CLU-01,H-DOM-18-CLU-01,health_wellness_care.subtype_01,예방 중심 건강·웰니스·돌봄,예방 동기와 군집 대비어를 바탕으로 군집 적합 후 명명한 primary subtype,true,post_hoc_interpreted,관측: 합성 성인 내러티브·구조 필드와 공식 보정가중치. 추론: 동기 라벨. 실재 개인의 속성으로 간주 금지.,0.4766350317662148,0.5352910692581991,0.5939471067501835,589.8507448639663,0.17270795636994996,0.6533953029377702,538,47,D
DOM-18-SUB-02,DOM-18,DOM-18-CLU-02,H-DOM-18-CLU-02,health_wellness_care.subtype_02,증상 완화 중심 건강·웰니스·돌봄,증상 완화 동기와 군집 대비어를 바탕으로 군집 적합 후 명명한 primary subtype,true,post_hoc_interpreted,관측: 합성 성인 내러티브·구조 필드와 공식 보정가중치. 추론: 동기 라벨. 실재 개인의 속성으로 간주 금지.,0.34094476362837906,0.39903948164732134,0.4571341996662636,455.98112052851263,0.17270795636994996,0.6533953029377702,396,46,D
DOM-18-SUB-03,DOM-18,DOM-18-CLU-03,H-DOM-18-CLU-03,health_wellness_care.subtype_03,자립 유지 중심 건강·웰니스·돌봄,자립 유지 동기와 군집 대비어를 바탕으로 군집 적합 후 명명한 primary subtype,true,post_hoc_interpreted,관측: 합성 성인 내러티브·구조 필드와 공식 보정가중치. 추론: 동기 라벨. 실재 개인의 속성으로 간주 금지.,0.022580991135302576,0.06566944909447968,0.10875790705365679,68.79835903110255,0.17270795636994996,0.6533953029377702,66,43,D
DOM-19-SUB-01,DOM-19,DOM-19-CLU-01,H-DOM-19-CLU-01,finance_insurance.subtype_01,안전성 중심 금융·보험,안전성 동기와 군집 대비어를 바탕으로 군집 적합 후 명명한 primary subtype,true,post_hoc_interpreted,관측: 합성 성인 내러티브·구조 필드와 공식 보정가중치. 추론: 동기 라벨. 실재 개인의 속성으로 간주 금지.,0.4213580446018985,0.4952150822832096,0.5690721199645207,508.50819422850196,0.13486027113155188,0.4711024780912821,488,42,D
DOM-19-SUB-02,DOM-19,DOM-19-CLU-02,H-DOM-19-CLU-02,finance_insurance.subtype_02,수익 추구 중심 금융·보험,수익 추구 동기와 군집 대비어를 바탕으로 군집 적합 후 명명한 primary subtype,true,post_hoc_interpreted,관측: 합성 성인 내러티브·구조 필드와 공식 보정가중치. 추론: 동기 라벨. 실재 개인의 속성으로 간주 금지.,0.095279514734045,0.16076648104926639,0.22625344736448777,173.45513674941512,0.13486027113155188,0.4711024780912821,160,40,D
DOM-19-SUB-03,DOM-19,DOM-19-CLU-03,H-DOM-19-CLU-03,finance_insurance.subtype_03,현금흐름 관리 중심 금융·보험,현금흐름 관리 동기와 군집 대비어를 바탕으로 군집 적합 후 명명한 primary subtype,true,post_hoc_interpreted,관측: 합성 성인 내러티브·구조 필드와 공식 보정가중치. 추론: 동기 라벨. 실재 개인의 속성으로 간주 금지.,0.11563811537167741,0.18231026567044167,0.24898241596920595,194.54012192176,0.13486027113155188,0.4711024780912821,165,41,D
DOM-19-SUB-04,DOM-19,DOM-19-CLU-04,H-DOM-19-CLU-04,finance_insurance.subtype_04,위험 보호 중심 금융·보험,위험 보호 동기와 군집 대비어를 바탕으로 군집 적합 후 명명한 primary subtype,true,post_hoc_interpreted,관측: 합성 성인 내러티브·구조 필드와 공식 보정가중치. 추론: 동기 라벨. 실재 개인의 속성으로 간주 금지.,0.09616647341931533,0.16170817099708235,0.22724986857484936,165.48383112975392,0.13486027113155188,0.4711024780912821,153,40,D
DOM-20-SUB-01,DOM-20,DOM-20-CLU-01,H-DOM-20-CLU-01,senior_retirement_care.subtype_01,자립 중심 시니어·은퇴·돌봄,자립 동기와 군집 대비어를 바탕으로 군집 적합 후 명명한 primary subtype,true,post_hoc_interpreted,관측: 합성 성인 내러티브·구조 필드와 공식 보정가중치. 추론: 동기 라벨. 실재 개인의 속성으로 간주 금지.,0.2612783760521488,0.3231487726071399,0.385019169162131,340.81686201839614,0.11922067569368847,0.5891294484550252,316,45,D
DOM-20-SUB-02,DOM-20,DOM-20-CLU-02,H-DOM-20-CLU-02,senior_retirement_care.subtype_02,안정 중심 시니어·은퇴·돌봄,안정 동기와 군집 대비어를 바탕으로 군집 적합 후 명명한 primary subtype,true,post_hoc_interpreted,관측: 합성 성인 내러티브·구조 필드와 공식 보정가중치. 추론: 동기 라벨. 실재 개인의 속성으로 간주 금지.,0.4290850181274196,0.49295656214000433,0.556828106152589,531.7483488530468,0.11922067569368847,0.5891294484550252,496,45,D
DOM-20-SUB-03,DOM-20,DOM-20-CLU-03,H-DOM-20-CLU-03,senior_retirement_care.subtype_03,관계 유지 중심 시니어·은퇴·돌봄,관계 유지 동기와 군집 대비어를 바탕으로 군집 적합 후 명명한 primary subtype,true,post_hoc_interpreted,관측: 합성 성인 내러티브·구조 필드와 공식 보정가중치. 추론: 동기 라벨. 실재 개인의 속성으로 간주 금지.,0.12700247290596645,0.18389466525285578,0.2407868575997451,201.99289357211902,0.11922067569368847,0.5891294484550252,188,44,D
DOM-21-SUB-01,DOM-21,DOM-21-CLU-01,H-DOM-21-CLU-01,digital_devices_ai.subtype_01,생산성 중심 디지털기기·AI,생산성 동기와 군집 대비어를 바탕으로 군집 적합 후 명명한 primary subtype,true,post_hoc_interpreted,관측: 합성 성인 내러티브·구조 필드와 공식 보정가중치. 추론: 동기 라벨. 실재 개인의 속성으로 간주 금지.,0.45323867059541095,0.5006075918971614,0.5479765131989118,530.5260770515249,0.09424893748600396,0.7954520060934033,510,49,D
DOM-21-SUB-02,DOM-21,DOM-21-CLU-02,H-DOM-21-CLU-02,digital_devices_ai.subtype_02,편의 중심 디지털기기·AI,편의 동기와 군집 대비어를 바탕으로 군집 적합 후 명명한 primary subtype,true,post_hoc_interpreted,관측: 합성 성인 내러티브·구조 필드와 공식 보정가중치. 추론: 동기 라벨. 실재 개인의 속성으로 간주 금지.,0.15902731529210545,0.20020475620537886,0.24138219711865228,234.55957590010385,0.09424893748600396,0.7954520060934033,195,48,D
DOM-21-SUB-03,DOM-21,DOM-21-CLU-03,H-DOM-21-CLU-03,digital_devices_ai.subtype_03,창작 중심 디지털기기·AI,창작 동기와 군집 대비어를 바탕으로 군집 적합 후 명명한 primary subtype,true,post_hoc_interpreted,관측: 합성 성인 내러티브·구조 필드와 공식 보정가중치. 추론: 동기 라벨. 실재 개인의 속성으로 간주 금지.,0.2544292027145688,0.2991876518974599,0.34394610108035095,294.70884723334916,0.09424893748600396,0.7954520060934033,295,48,D
DOM-22-SUB-01,DOM-22,DOM-22-CLU-01,H-DOM-22-CLU-01,social_creator.subtype_01,관계 중심 소셜·크리에이터,관계 동기와 군집 대비어를 바탕으로 군집 적합 후 명명한 primary subtype,true,post_hoc_interpreted,관측: 합성 성인 내러티브·구조 필드와 공식 보정가중치. 추론: 동기 라벨. 실재 개인의 속성으로 간주 금지.,0.07751390586417234,0.15113525450309287,0.2247566031420134,133.5751502176318,0.1132306484258977,0.37159021745730736,132,38,D
DOM-22-SUB-02,DOM-22,DOM-22-CLU-02,H-DOM-22-CLU-02,social_creator.subtype_02,정보 발견 중심 소셜·크리에이터,정보 발견 동기와 군집 대비어를 바탕으로 군집 적합 후 명명한 primary subtype,true,post_hoc_interpreted,관측: 합성 성인 내러티브·구조 필드와 공식 보정가중치. 추론: 동기 라벨. 실재 개인의 속성으로 간주 금지.,0.005248082294475029,0.07241557698144356,0.1395830716684121,68.50126741567563,0.1132306484258977,0.37159021745730736,67,37,D
DOM-22-SUB-03,DOM-22,DOM-22-CLU-03,H-DOM-22-CLU-03,social_creator.subtype_03,자기표현 중심 소셜·크리에이터,자기표현 동기와 군집 대비어를 바탕으로 군집 적합 후 명명한 primary subtype,true,post_hoc_interpreted,관측: 합성 성인 내러티브·구조 필드와 공식 보정가중치. 추론: 동기 라벨. 실재 개인의 속성으로 간주 금지.,0.3847322278714447,0.46752949025151724,0.5503267526315898,451.85625897022663,0.1132306484258977,0.37159021745730736,416,40,D
DOM-22-SUB-04,DOM-22,DOM-22-CLU-04,H-DOM-22-CLU-04,social_creator.subtype_04,인정·수익 중심 소셜·크리에이터,인정·수익 동기와 군집 대비어를 바탕으로 군집 적합 후 명명한 primary subtype,true,post_hoc_interpreted,관측: 합성 성인 내러티브·구조 필드와 공식 보정가중치. 추론: 동기 라벨. 실재 개인의 속성으로 간주 금지.,0.2285275783251633,0.3089196782639464,0.3893117782027295,314.5300530535582,0.1132306484258977,0.37159021745730736,290,39,D
DOM-23-SUB-01,DOM-23,DOM-23-CLU-01,H-DOM-23-CLU-01,career_professional.subtype_01,성장 중심 경력·전문활동,성장 동기와 군집 대비어를 바탕으로 군집 적합 후 명명한 primary subtype,true,post_hoc_interpreted,관측: 합성 성인 내러티브·구조 필드와 공식 보정가중치. 추론: 동기 라벨. 실재 개인의 속성으로 간주 금지.,0.17718686401989897,0.25131676645401824,0.3254466688881375,293.35672522052386,0.2013307336993734,0.4096049884703425,249,40,D
DOM-23-SUB-02,DOM-23,DOM-23-CLU-02,H-DOM-23-CLU-02,career_professional.subtype_02,안정 중심 경력·전문활동,안정 동기와 군집 대비어를 바탕으로 군집 적합 후 명명한 primary subtype,true,post_hoc_interpreted,관측: 합성 성인 내러티브·구조 필드와 공식 보정가중치. 추론: 동기 라벨. 실재 개인의 속성으로 간주 금지.,0.26750022727043976,0.3441932836392055,0.4208863400079712,383.9414461797897,0.2013307336993734,0.4096049884703425,336,41,D
DOM-23-SUB-03,DOM-23,DOM-23-CLU-03,H-DOM-23-CLU-03,career_professional.subtype_03,의미 중심 경력·전문활동,의미 동기와 군집 대비어를 바탕으로 군집 적합 후 명명한 primary subtype,true,post_hoc_interpreted,관측: 합성 성인 내러티브·구조 필드와 공식 보정가중치. 추론: 동기 라벨. 실재 개인의 속성으로 간주 금지.,0.32682403705965757,0.40448994990677645,0.4821558627538953,456.30223062728976,0.2013307336993734,0.4096049884703425,415,41,D
DOM-24-SUB-01,DOM-24,DOM-24-CLU-01,H-DOM-24-CLU-01,small_business_digital.subtype_01,신규 고객 중심 소상공인·디지털 운영,신규 고객 동기와 군집 대비어를 바탕으로 군집 적합 후 명명한 primary subtype,true,post_hoc_interpreted,관측: 합성 성인 내러티브·구조 필드와 공식 보정가중치. 추론: 동기 라벨. 실재 개인의 속성으로 간주 금지.,0.13482281452809075,0.21145680638820752,0.2880907982483243,245.59075829789379,0.17331070985811403,0.3585924678485877,216,46,D
DOM-24-SUB-02,DOM-24,DOM-24-CLU-02,H-DOM-24-CLU-02,small_business_digital.subtype_02,운영 효율 중심 소상공인·디지털 운영,운영 효율 동기와 군집 대비어를 바탕으로 군집 적합 후 명명한 primary subtype,true,post_hoc_interpreted,관측: 합성 성인 내러티브·구조 필드와 공식 보정가중치. 추론: 동기 라벨. 실재 개인의 속성으로 간주 금지.,0.0533094117947327,0.12513982652411412,0.19697024125349555,134.50672061261807,0.17331070985811403,0.3585924678485877,132,45,D
DOM-24-SUB-03,DOM-24,DOM-24-CLU-03,H-DOM-24-CLU-03,small_business_digital.subtype_03,매출 안정 중심 소상공인·디지털 운영,매출 안정 동기와 군집 대비어를 바탕으로 군집 적합 후 명명한 primary subtype,true,post_hoc_interpreted,관측: 합성 성인 내러티브·구조 필드와 공식 보정가중치. 추론: 동기 라벨. 실재 개인의 속성으로 간주 금지.,0.0,0.06466879200066243,0.13123224419299323,66.4855293694662,0.17331070985811403,0.3585924678485877,66,44,D
DOM-24-SUB-04,DOM-24,DOM-24-CLU-04,H-DOM-24-CLU-04,small_business_digital.subtype_04,승계 가능성 중심 소상공인·디지털 운영,승계 가능성 동기와 군집 대비어를 바탕으로 군집 적합 후 명명한 primary subtype,true,post_hoc_interpreted,관측: 합성 성인 내러티브·구조 필드와 공식 보정가중치. 추론: 동기 라벨. 실재 개인의 속성으로 간주 금지.,0.29181186616185134,0.3731146550796549,0.4544174439974585,405.99038544862384,0.17331070985811403,0.3585924678485877,368,47,D
DOM-24-SUB-05,DOM-24,DOM-24-CLU-05,H-DOM-24-CLU-05,small_business_digital.subtype_05,신규 고객 중심 소상공인·디지털 운영,신규 고객 동기와 군집 대비어를 바탕으로 군집 적합 후 명명한 primary subtype,true,post_hoc_interpreted,관측: 합성 성인 내러티브·구조 필드와 공식 보정가중치. 추론: 동기 라벨. 실재 개인의 속성으로 간주 금지.,0.14838763007797234,0.22561992000736106,0.30285220993674977,254.88275044624433,0.17331070985811403,0.3585924678485877,218,46,D
